name,start,end
Pumpkin,29000,291000
Honey Bunny,29000,291000
Waitress,64000,291000
Vincent Vega,425000,527000
Jules Winnfield,425000,527000
Jules Winnfield,528000,661000
Vincent Vega,528000,661000
Jules Winnfield,661000,864000
Vincent Vega,663000,864000
Marvin,865000,1268000
Roger,866000,1268000
Jules Winnfield,867000,1268000
Vincent Vega,867000,1268000
Brett,870000,1268000
Butch Coolidge,1275000,1458000
Marsellus Wallace,1276000,1458000
Paul,1458000,1583000
Vincent Vega,1466000,1583000
Jules Winnfield,1467000,1583000
Butch Coolidge,1483000,1583000
Marsellus Wallace,1483000,1583000
Jody,1584000,1812000
Trudi,1589000,1812000
Vincent Vega,1618000,1812000
Lance,1629000,1812000
Vincent Vega,1813000,1881000
Vincent Vega,1887000,2050000
Mia Wallace,1916000,2050000
Mia Wallace,2052000,2799000
Vincent Vega,2052000,2799000
Phillip Morris Page,2092000,2799000
Ed Sullivan,2092000,2799000
Ricky Nelson,2097000,2799000
Mamie van Doren,2116000,2799000
Marilyn Monroe,2134000,2799000
Buddy Holly,2149000,2799000
Jerry Lewis,2155000,2799000
Dean Martin,2155000,2799000
James Dean,2156000,2799000
Dean Martin,2799000,2995000
Jerry Lewis,2799000,2995000
Ed Sullivan,2799000,2995000
Marilyn Monroe,2799000,2995000
Phillip Morris Page,2799000,2995000
James Dean,2799000,2995000
Buddy Holly,2799000,2995000
Mia Wallace,2809000,2995000
Vincent Vega,2811000,2995000
Ricky Nelson,2844000,2995000
Vincent Vega,2997000,3262000
Mia Wallace,3000000,3262000
Mia Wallace,3264000,3452000
Vincent Vega,3266000,3452000
Lance,3312000,3452000
Jody,3345000,3452000
Trudi,3354000,3452000
Jody,3452000,3664000
Trudi,3462000,3664000
Mia Wallace,3464000,3664000
Vincent Vega,3464000,3664000
Lance,3464000,3664000
Vincent Vega,3664000,3809000
Mia Wallace,3664000,3809000
Butch's Mother,3827000,4129000
Captain Koons,3828000,4129000
Young Butch,3833000,4129000
Butch Coolidge,4086000,4129000
Klondike,4105000,4129000
Sportscaster #1,4132000,4134000
Sportscaster #2,4134000,4179000
Esmarelda Villalobos,4137000,4179000
Sportscaster #1,4144000,4179000
Butch Coolidge,4161000,4179000
Paul,4179000,4241000
Vincent Vega,4179000,4241000
Mia Wallace,4197000,4241000
Marsellus Wallace,4197000,4241000
Dead Floyd Wilson,4197000,4241000
Wilson's Trainer,4197000,4241000
Butch Coolidge,4241000,4542000
Esmarelda Villalobos,4244000,4542000
Butch Coolidge,4543000,4820000
Fabienne,4548000,4820000
Fabienne,4823000,4956000
Butch Coolidge,4824000,4956000
Butch Coolidge,4957000,5283000
Fabienne,4963000,5283000
Butch Coolidge,5283000,5632000
Fabienne,5434000,5632000
Vincent Vega,5495000,5632000
Butch Coolidge,5632000,5757000
Marsellus Wallace,5672000,5757000
Hit-and-run Witness,5695000,5757000
Gawker #1,5695000,5757000
Shot Woman,5736000,5757000
Maynard,5757000,5858000
Marsellus Wallace,5760000,5858000
Butch Coolidge,5761000,5858000
Butch Coolidge,5861000,6188000
Marsellus Wallace,5861000,6188000
Maynard,5864000,6188000
Zed,5922000,6188000
The Gimp,6006000,6188000
Butch Coolidge,6189000,6269000
Maynard,6190000,6269000
Zed,6195000,6269000
Marsellus Wallace,6231000,6269000
Butch Coolidge,6270000,6555000
Marsellus Wallace,6272000,6555000
Zed,6275000,6555000
Maynard,6280000,6555000
The Gimp,6533000,6555000
Butch Coolidge,6555000,6699000
Fabienne,6600000,6699000
Jules Winnfield,6702000,6704000
Brett,6705000,6910000
Fourth Man,6706000,6910000
Marvin,6757000,6910000
Vincent Vega,6764000,6910000
Jules Winnfield,6776000,6910000
Jules Winnfield,6910000,7026000
Vincent Vega,6911000,7026000
Marvin,6923000,7026000
Jules Winnfield,7026000,7102000
Vincent Vega,7033000,7102000
Vincent Vega,7102000,7226000
Jules Winnfield,7102000,7226000
Jimmie Dimmick,7108000,7226000
Marsellus Wallace,7226000,7294000
Jules Winnfield,7241000,7294000
Bonnie Dimmick,7245000,7294000
Jimmie Dimmick,7255000,7294000
Vincent Vega,7255000,7294000
Marvin,7255000,7294000
Mia Wallace,7257000,7294000
The Wolf,7294000,7573000
Jimmie Dimmick,7347000,7573000
Jules Winnfield,7360000,7573000
Vincent Vega,7360000,7573000
The Wolf,7573000,7675000
Jimmie Dimmick,7583000,7675000
Vincent Vega,7675000,7728000
Jules Winnfield,7675000,7728000
The Wolf,7728000,7757000
Jules Winnfield,7731000,7757000
Vincent Vega,7731000,7757000
Jimmie Dimmick,7739000,7757000
Jimmie Dimmick,7757000,7861000
The Wolf,7757000,7861000
Jules Winnfield,7759000,7861000
Vincent Vega,7759000,7861000
Marvin,7861000,7918000
The Wolf,7861000,7918000
Jules Winnfield,7862000,7918000
Vincent Vega,7862000,7918000
The Wolf,7921000,8001000
Raquel,7921000,8001000
Jules Winnfield,7923000,8001000
Vincent Vega,7923000,8001000
Jules Winnfield,8005000,8269000
Vincent Vega,8005000,8269000
Pumpkin,8213000,8269000
Honey Bunny,8213000,8269000
Waitress,8221000,8269000
Honey Bunny,8269000,8987000
Pumpkin,8269000,8987000
Waitress,8278000,8987000
Jules Winnfield,8283000,8987000
Long Hair Yuppy-Scum,8298000,8987000
Sportscaster #1,8313000,8987000
Vincent Vega,8357000,8987000
