"","year_of_birth","height","weight","scars","colour","year_of_discovery","number_of_lost_teeth","life_length"
"1",-1291,59.4,15.32,7,"red",1700,25,1368
"2",1589,46.21,11.81,5,"red",1700,28,1377
"3",1528,49.17,13.34,6,"red",1700,38,1604
"4",1645,48.29,13.27,5,"green",1700,33,1434
"5",-8,50,13.09,1,"red",1700,18,985
"6",915,45.41,11.49,2,"red",1700,20,970
"7",-1557,50.73,14.52,3,"black",1700,28,1255
"8",-1144,45.45,11.94,7,"blue",1700,29,1499
"9",-66,65.72,17.76,6,"red",1700,2,887
"10",-165,54.21,14.3,32,"red",1700,22,2299
"11",1796,56.45,14.25,29,"red",1700,25,2261
"12",-1807,46.56,12.12,3,"blue",1701,0,710
"13",-1746,46.15,14.42,8,"blue",1701,4,1016
"14",-1552,47.6,12.4,3,"red",1701,20,1104
"15",605,44.06,11.39,18,"green",1701,7,1364
"16",731,53.9,14.6,3,"red",1701,27,1170
"17",-1767,44.13,12.1,16,"green",1701,21,1618
"18",367,56.26,15.93,6,"red",1701,4,941
"19",120,47.52,14.9,0,"red",1701,20,994
"20",1439,51.98,13.31,9,"red",1701,20,1254
"21",1517,40.54,15.66,4,"red",1701,15,1029
"22",-1665,47.67,11.95,6,"red",1701,8,961
"23",-814,47.41,13.85,11,"green",1701,32,1683
"24",-1229,50.78,13.16,5,"blue",1701,3,886
"25",721,65.67,17.65,2,"red",1701,35,1276
"26",1437,44.06,11.69,45,"blue",1701,14,2597
"27",-223,50.63,13.56,17,"red",1701,18,1650
"28",433,58.83,16.21,0,"green",1701,22,1061
"29",1652,46.89,13.46,12,"black",1701,6,1205
"30",-1755,51.75,17.37,1,"red",1701,39,1415
"31",-1056,65.81,17.63,7,"red",1701,14,1185
"32",369,43.51,11.79,13,"green",1701,5,1230
"33",379,48.53,12.28,8,"red",1701,37,1654
"34",676,50.95,14.77,10,"green",1701,23,1361
"35",25,46.81,12.33,11,"green",1701,19,1369
"36",-1389,38.95,11.54,8,"red",1702,39,1680
"37",-575,59.74,15.91,1,"red",1702,17,978
"38",-1897,45.36,12.37,12,"blue",1702,14,1353
"39",-1460,44.04,11.86,13,"blue",1702,12,1354
"40",-880,46.09,11.64,14,"red",1702,7,1291
"41",-1492,64.62,19.1,4,"blue",1702,21,1174
"42",1552,43.22,13.51,25,"blue",1702,30,2210
"43",-615,60.48,15.87,24,"red",1702,9,1742
"44",-1138,45.32,12.41,4,"blue",1702,39,1545
"45",500,48.91,12.4,2,"red",1702,15,865
"46",-1599,43.84,12.22,17,"green",1702,23,1777
"47",-86,52.87,17.93,14,"blue",1702,18,1523
"48",584,53.1,13.3,11,"red",1702,24,1391
"49",-1803,57.96,16.84,1,"green",1702,39,1412
"50",-633,43.44,12.38,1,"green",1702,20,1054
"51",347,38.51,11.75,4,"green",1702,1,787
"52",-138,50.35,13.79,10,"blue",1702,5,1100
"53",-1337,43.03,11.52,1,"green",1702,7,763
"54",1489,51.01,13.31,9,"green",1702,39,1653
"55",1305,53.65,13.54,44,"blue",1703,32,2898
"56",-1179,57.57,15.02,4,"green",1703,8,930
"57",1640,42.6,10.89,14,"red",1703,38,1884
"58",-24,44.81,11.78,14,"red",1703,1,1176
"59",-249,46.23,13.96,3,"green",1703,40,1517
"60",-1574,53.49,13.37,2,"red",1703,29,1228
"61",1476,40.23,10.67,11,"red",1703,12,1188
"62",-1641,52.21,13.51,18,"blue",1703,3,1384
"63",557,40.28,10.82,2,"green",1703,11,787
"64",-193,46.52,13.1,6,"green",1703,17,1197
"65",-1161,49.94,13.25,5,"green",1703,14,1101
"66",-201,51.73,14.12,34,"red",1703,28,2526
"67",588,51.02,13.67,0,"blue",1703,13,750
"68",-281,49.51,13.16,5,"blue",1703,33,1450
"69",-945,50.93,13.24,9,"green",1703,35,1664
"70",-1275,39.88,11.45,4,"red",1703,23,1217
"71",-1790,51.38,13.56,2,"blue",1703,15,950
"72",-1442,51.48,13.39,0,"red",1704,39,1406
"73",-835,50.14,12.88,19,"green",1704,13,1626
"74",69,58.1,14.65,4,"red",1704,25,1285
"75",237,54.52,14.84,22,"green",1704,37,2226
"76",-1779,58.52,17.03,9,"red",1704,5,1073
"77",427,47.19,11.89,8,"red",1704,25,1423
"78",1481,56.53,14.45,19,"blue",1704,37,1985
"79",-998,42.02,11.26,6,"red",1704,30,1478
"80",-243,51.92,14.85,11,"blue",1704,3,1104
"81",1166,52.59,14.65,9,"blue",1704,3,919
"82",626,54.54,14.33,3,"red",1704,36,1335
"83",-1900,46.86,11.84,25,"green",1704,8,1783
"84",-115,48.28,12.46,12,"red",1704,32,1695
"85",377,57.19,14.98,0,"blue",1704,1,588
"86",-733,51.33,15.32,0,"blue",1704,18,966
"87",-1118,48.25,13.44,3,"red",1704,14,1018
"88",472,55.02,14.07,11,"green",1704,38,1786
"89",1635,40.5,10.2,2,"red",1704,7,820
"90",1304,44.99,11.67,24,"green",1705,13,1686
"91",-1604,51.36,12.98,13,"blue",1705,31,1741
"92",-1728,53.19,16.97,0,"red",1705,17,928
"93",824,46.18,11.91,1,"red",1705,3,632
"94",-1275,49.56,12.86,5,"red",1705,27,1382
"95",1707,54.43,14.24,2,"green",1705,1,676
"96",1727,42.88,11.26,1,"blue",1705,15,961
"97",-1430,45.69,13.56,20,"red",1705,7,1519
"98",75,50.48,13.41,1,"green",1705,20,1025
"99",-1955,42.91,11.01,40,"red",1705,14,2496
"100",-44,56.82,15.17,5,"green",1705,12,1043
"101",237,66.26,17.04,17,"green",1705,6,1400
"102",1429,51.79,13.55,2,"blue",1705,39,1382
"103",1146,42.51,11.01,17,"blue",1705,19,1557
"104",478,58.93,16.07,1,"blue",1705,15,939
"105",1215,45.19,12.15,53,"green",1705,8,2761
"106",-522,51.61,14.92,20,"red",1705,11,1625
"107",1406,49.52,14.24,7,"red",1705,31,1356
"108",1272,60.62,16.65,34,"red",1706,13,2114
"109",-169,44.07,11.71,10,"green",1706,8,1181
"110",-256,50.56,13.67,8,"green",1706,14,1194
"111",-100,55.14,16.69,3,"green",1706,39,1494
"112",-1988,52.13,13.23,2,"blue",1706,15,988
"113",911,53.24,14.33,3,"blue",1706,2,655
"114",1183,41.83,11.57,4,"blue",1706,12,891
"115",1105,42.41,11.31,13,"green",1706,32,1681
"116",1764,55.58,14.1,3,"red",1706,8,887
"117",-1812,52.59,13.65,7,"blue",1706,5,992
"118",1725,47.24,11.86,1,"blue",1706,8,804
"119",1256,42.37,11.59,5,"blue",1706,39,1499
"120",-944,51.61,13.64,26,"blue",1706,26,2162
"121",132,47.34,17.05,4,"red",1706,11,953
"122",-1732,42.49,13.53,2,"red",1706,8,823
"123",1433,45.56,11.61,16,"blue",1706,34,1790
"124",330,48.98,12.49,23,"red",1706,23,1983
"125",1549,48.67,13.67,5,"blue",1706,14,1093
"126",400,56.29,15.61,7,"red",1706,16,1216
"127",1418,41.08,11.04,11,"red",1706,13,1186
"128",-1704,55.95,16.12,20,"blue",1706,22,1812
"129",-103,44.03,13.9,7,"red",1707,12,1120
"130",1483,53.69,13.77,4,"red",1707,11,890
"131",1062,64.05,16.41,1,"green",1707,35,1273
"132",281,45.48,11.56,5,"red",1707,28,1372
"133",602,63.51,16.39,13,"green",1707,37,1742
"134",1163,47.05,11.93,2,"red",1707,15,874
"135",-433,46.37,12.39,1,"red",1707,38,1388
"136",378,48.37,13.04,0,"red",1707,10,819
"137",1351,49.61,13.36,15,"red",1707,33,1763
"138",-1028,57.9,15.7,13,"green",1707,13,1379
"139",-1272,52.72,13.88,3,"red",1707,39,1494
"140",-337,54.3,14.32,0,"green",1707,35,1335
"141",-475,52.12,15.02,11,"green",1707,25,1519
"142",-1933,52.98,14.68,3,"red",1707,17,1051
"143",235,34.07,10.89,1,"green",1707,28,1216
"144",629,48.3,12.98,4,"red",1707,4,747
"145",-451,46.56,13.27,36,"blue",1707,31,2645
"146",1620,50.25,13.27,1,"red",1707,37,1390
"147",11,43.69,11.78,3,"red",1707,11,936
"148",1423,39.86,11.77,5,"red",1707,30,1282
"149",-155,55.06,15.79,2,"blue",1707,29,1230
"150",-1666,55.72,14.44,5,"red",1707,24,1244
"151",1006,51.27,13.99,4,"blue",1708,18,1041
"152",-477,58.91,15.43,15,"red",1708,33,1859
"153",1663,51.99,13.84,2,"blue",1708,13,972
"154",935,47.72,12.29,5,"blue",1708,15,1035
"155",-670,46.76,12.83,15,"red",1708,6,1345
"156",-1987,50.21,13.5,13,"red",1708,38,1877
"157",-681,41.86,11.39,3,"green",1708,8,866
"158",-1331,66.22,18.07,2,"red",1708,8,840
"159",-130,60.1,15.96,3,"blue",1708,34,1387
"160",-1945,51.76,12.94,8,"red",1708,11,1126
"161",1114,48.74,12.21,10,"blue",1708,26,1410
"162",-1331,52.72,13.4,4,"green",1708,10,975
"163",983,42.37,11.61,9,"blue",1708,11,1066
"164",-746,53.21,13.55,9,"red",1708,26,1478
"165",1527,59.74,16.42,8,"red",1708,9,1099
"166",-464,45.13,12.8,1,"red",1708,7,770
"167",1774,51.4,13.12,1,"blue",1708,9,815
"168",-233,52.82,13.58,3,"blue",1708,39,1472
"169",-66,65.82,16.75,22,"blue",1708,17,1845
"170",-1286,55.64,18.4,5,"red",1708,15,1114
"171",617,53.05,14.26,13,"red",1708,27,1558
"172",49,40.77,10.73,6,"blue",1708,16,1174
"173",-1493,53.25,13.99,6,"blue",1708,26,1334
"174",-741,49.88,12.48,2,"red",1708,14,979
"175",-495,44.38,12.42,0,"green",1708,24,1093
"176",-1605,58.39,18.31,5,"green",1708,22,1196
"177",-1544,47.29,14.08,1,"green",1708,4,692
"178",-418,44.61,12.99,9,"green",1708,6,1115
"179",1760,44.65,12.4,5,"blue",1708,32,1420
"180",-801,50.26,15.31,30,"blue",1708,13,2065
"181",-314,44.18,11.44,7,"green",1708,37,1620
"182",1217,55.79,15.15,26,"red",1708,0,1531
"183",-964,44.92,11.4,5,"green",1709,2,838
"184",152,64.15,16.43,1,"green",1709,20,997
"185",-944,49.08,13.78,2,"red",1709,36,1394
"186",744,49.59,12.91,4,"red",1709,5,782
"187",-1495,48.68,12.48,2,"red",1709,19,1020
"188",-235,47.26,12.27,5,"blue",1709,37,1526
"189",1323,52.97,13.93,4,"red",1709,38,1424
"190",101,52.25,13.07,1,"green",1709,14,943
"191",670,56.02,14.97,7,"red",1709,18,1136
"192",-829,49.01,12.68,10,"green",1709,30,1606
"193",-188,41.58,11.66,5,"red",1709,16,1136
"194",-853,53.48,13.54,5,"red",1709,28,1358
"195",-855,44,11.08,1,"green",1709,23,1081
"196",-1531,47.92,13.51,5,"red",1709,27,1342
"197",1127,47.73,12.05,0,"green",1709,16,812
"198",-1965,40.42,10.72,4,"blue",1709,14,1034
"199",1549,46.36,12.49,14,"red",1709,17,1474
"200",-1992,51.67,13.36,10,"red",1709,24,1504
"201",1149,48.45,12.52,13,"red",1709,23,1495
"202",1535,50.15,13.41,2,"red",1709,36,1442
"203",-1280,44.24,11.49,2,"red",1709,7,817
"204",-838,54.67,15.17,18,"green",1709,19,1682
"205",415,46.85,11.85,5,"red",1709,32,1411
"206",-1391,62.72,15.79,20,"red",1710,23,1875
"207",-1088,52.17,13.37,15,"red",1710,2,1199
"208",-385,44.49,11.32,7,"blue",1710,33,1535
"209",-1907,61.73,16.1,3,"green",1710,20,1157
"210",1753,55.95,14.2,1,"green",1710,9,826
"211",2,54.7,14.49,3,"red",1710,38,1506
"212",1103,51.15,13.11,47,"blue",1710,36,3105
"213",897,51.66,13.88,6,"red",1710,15,1046
"214",-1144,55,16.04,4,"red",1710,17,1110
"215",659,45.87,11.77,0,"blue",1710,9,650
"216",1718,46.33,11.97,9,"blue",1710,39,1728
"217",1610,61.39,17.56,6,"red",1710,28,1397
"218",-1369,64.47,16.72,5,"red",1710,34,1488
"219",-400,57.41,14.53,3,"blue",1710,28,1281
"220",-467,53.27,13.44,4,"blue",1710,21,1195
"221",1091,46.24,11.89,6,"blue",1710,25,1245
"222",1526,45.49,11.44,19,"red",1710,13,1614
"223",-1546,46.5,11.81,3,"green",1710,7,872
"224",1584,52.67,13.71,2,"red",1710,23,1151
"225",-1083,53.01,14.71,2,"red",1711,19,1049
"226",-1655,43.48,10.92,18,"red",1711,15,1632
"227",-360,37.17,11.01,5,"red",1711,6,915
"228",1745,46.99,13.27,1,"red",1711,0,683
"229",-1174,50.64,13.68,14,"red",1711,14,1416
"230",-153,61.86,15.75,17,"black",1711,39,2081
"231",452,40.85,10.25,5,"red",1711,36,1505
"232",1502,52.31,13.42,7,"red",1711,31,1514
"233",-613,50.55,17.87,8,"blue",1711,24,1445
"234",-1446,65.09,18.99,12,"red",1711,21,1532
"235",-1567,50.65,15.2,26,"blue",1711,35,2360
"236",-1450,54.59,13.84,15,"red",1711,5,1301
"237",885,56.62,15.29,14,"red",1711,34,1732
"238",-1186,44.31,11.12,18,"red",1711,8,1551
"239",-772,36.14,9.73,4,"red",1711,30,1368
"240",1542,39.61,10.2,2,"red",1711,29,1261
"241",-26,42.71,12.2,4,"blue",1711,6,877
"242",-1510,57.1,14.58,8,"green",1711,14,1220
"243",1489,53.38,14,0,"red",1711,19,883
"244",1791,47.29,12.07,11,"red",1711,33,1690
"245",267,36.38,9.81,10,"green",1711,7,1156
"246",-1791,53.97,14.26,4,"blue",1711,25,1279
"247",1735,38.55,10.01,2,"blue",1711,1,715
"248",669,53.3,13.63,10,"red",1711,24,1360
"249",-1148,55.67,15.42,2,"blue",1711,28,1222
"250",-1169,40.28,11.24,3,"red",1712,6,823
"251",980,44.46,11.14,4,"red",1712,29,1250
"252",-298,47.59,12.12,10,"red",1712,10,1211
"253",-104,59.73,15.29,8,"green",1712,22,1355
"254",-570,53.14,13.63,6,"blue",1712,18,1195
"255",-504,60.42,15.44,1,"red",1712,2,710
"256",741,51.16,14.16,8,"blue",1712,32,1465
"257",-1310,42.2,10.75,11,"green",1712,16,1378
"258",1371,53.95,14.92,4,"green",1712,29,1255
"259",-948,57.88,14.69,14,"red",1712,15,1431
"260",-1625,51.1,13.1,4,"red",1712,38,1472
"261",928,48.18,13.24,4,"blue",1712,12,885
"262",745,40.02,10.3,3,"red",1712,19,1013
"263",1086,41.47,11.03,8,"blue",1712,35,1517
"264",1784,39.5,10.16,29,"red",1712,4,1851
"265",1498,54.15,14.68,4,"green",1712,5,795
"266",-652,57.19,14.31,1,"blue",1712,30,1224
"267",1390,34.36,9.17,16,"red",1712,22,1548
"268",-1895,51.07,12.79,6,"blue",1713,29,1414
"269",-997,57.84,15.15,6,"green",1713,18,1206
"270",112,47.89,13.71,12,"red",1713,37,1826
"271",387,39.64,10.3,3,"red",1713,30,1322
"272",-1200,38.09,10.02,10,"red",1713,14,1294
"273",-1847,47.16,11.94,0,"red",1713,9,799
"274",-715,42.62,12.63,14,"blue",1713,9,1362
"275",-764,62.43,16.53,10,"red",1713,26,1552
"276",220,46.05,11.75,0,"blue",1713,31,1228
"277",-487,56.89,14.95,15,"red",1713,25,1670
"278",1158,51.47,13.34,9,"red",1713,25,1351
"279",72,51.81,13.36,3,"red",1713,18,1050
"280",1614,44.32,12.56,1,"red",1713,29,1228
"281",-510,57.54,14.74,1,"blue",1713,37,1381
"282",-622,47.32,12.74,3,"blue",1713,14,996
"283",1276,54.3,13.59,3,"red",1713,12,853
"284",1667,46.01,12.34,4,"green",1713,35,1475
"285",274,53.51,14.62,1,"red",1714,6,744
"286",-899,46.71,12.85,2,"red",1714,23,1118
"287",-1706,49.04,12.75,13,"blue",1714,11,1320
"288",380,47.87,14.88,5,"red",1714,16,1113
"289",-1560,47.72,12.93,19,"red",1714,15,1647
"290",657,51.63,13.36,5,"red",1714,2,754
"291",1408,41.37,11.6,1,"blue",1714,5,634
"292",-1059,45.36,12.69,1,"red",1714,3,740
"293",-872,58.72,16.24,4,"red",1714,1,790
"294",270,51.46,15.58,3,"red",1714,38,1459
"295",1521,47.21,11.94,40,"green",1714,14,2470
"296",-906,50.36,13.24,0,"red",1714,2,665
"297",-1977,51.47,13.84,8,"red",1714,16,1220
"298",177,56.99,14.3,1,"green",1714,30,1281
"299",-1357,47.27,11.91,24,"red",1714,10,1759
"300",-803,42.72,12.4,33,"red",1714,20,2338
"301",320,51.31,15.05,7,"blue",1714,21,1309
"302",-84,37.96,10.53,21,"blue",1714,2,1471
"303",51,60.37,15.49,14,"red",1714,25,1623
"304",1139,38.94,10.5,21,"green",1714,27,1858
"305",-1487,54,14.56,5,"green",1714,20,1206
"306",177,53,15.03,3,"red",1715,16,984
"307",1604,44.47,12.42,1,"red",1715,27,1211
"308",562,47.74,12.21,6,"red",1715,34,1426
"309",275,41.26,10.55,7,"red",1715,37,1656
"310",1800,37.57,9.62,4,"red",1715,21,1221
"311",-712,45.17,11.62,1,"red",1715,38,1387
"312",-1845,37.44,15.38,3,"red",1715,10,932
"313",566,60.33,15.41,4,"blue",1715,30,1252
"314",909,48.52,12.53,3,"blue",1715,24,1098
"315",-364,44.96,12.67,2,"blue",1715,25,1187
"316",1483,37.5,11.91,8,"green",1715,25,1338
"317",561,45.05,11.77,1,"red",1715,38,1287
"318",1156,55.68,14.03,5,"blue",1715,39,1478
"319",365,51.49,12.97,19,"red",1715,34,2039
"320",-332,71.86,18.33,3,"blue",1715,31,1351
"321",1265,61.75,15.83,0,"red",1715,7,632
"322",84,56.54,15.27,20,"red",1715,16,1737
"323",838,65.63,17.21,28,"red",1715,29,2220
"324",-927,55.94,14.7,26,"red",1716,2,1699
"325",649,51.37,13.28,1,"green",1716,36,1281
"326",-807,51.58,14.01,6,"blue",1716,12,1046
"327",287,56.72,14.19,24,"blue",1716,26,2088
"328",1179,47.54,12.25,12,"red",1716,40,1791
"329",-747,39.23,12.51,6,"red",1716,30,1416
"330",-20,48.24,13.05,8,"red",1716,24,1418
"331",1714,38.18,10.73,17,"red",1716,10,1450
"332",-1211,48.17,12.25,7,"red",1716,2,923
"333",-876,42.93,11.17,3,"red",1716,37,1464
"334",682,40.81,10.64,3,"green",1716,9,835
"335",1466,40.58,10.78,5,"red",1716,34,1372
"336",501,46.12,11.89,2,"red",1716,7,712
"337",216,48.8,13.56,1,"red",1716,33,1312
"338",1504,47.08,12.15,20,"red",1716,4,1489
"339",-1691,67.02,16.9,56,"blue",1716,15,3106
"340",732,61.7,15.49,12,"red",1716,6,1097
"341",-1983,55.37,15.86,0,"red",1716,36,1294
"342",1444,38.56,10.22,1,"green",1716,14,864
"343",-1804,56,14.54,2,"red",1716,35,1399
"344",1688,38.67,13.4,5,"blue",1716,3,884
"345",-229,60.89,15.35,12,"red",1717,15,1380
"346",763,47.35,11.91,1,"red",1717,0,566
"347",1719,55.3,15.48,9,"green",1717,15,1255
"348",76,53.94,14.09,2,"blue",1717,9,888
"349",-1556,35.97,9.39,10,"red",1717,3,1051
"350",567,46.91,13.42,8,"red",1717,8,995
"351",381,44.14,11.08,1,"green",1717,16,986
"352",94,52.44,15.23,0,"red",1717,30,1217
"353",-1632,47.02,12.55,16,"green",1717,7,1378
"354",-400,62.66,16.68,3,"red",1717,4,800
"355",-515,44.88,12.2,4,"blue",1717,12,1006
"356",1092,50.7,12.91,6,"blue",1717,12,1009
"357",-1804,47.54,13,13,"green",1717,30,1690
"358",-1440,61.23,15.69,4,"red",1717,3,827
"359",-814,47.08,11.97,7,"black",1717,37,1630
"360",-1399,45.14,12.85,4,"red",1717,21,1231
"361",-516,42.37,11.07,2,"green",1717,26,1213
"362",1521,48.43,13.31,53,"red",1717,23,3200
"363",-1031,55.05,13.88,4,"red",1718,2,799
"364",-1401,48.95,12.66,4,"blue",1718,20,1178
"365",51,52.14,13.17,2,"blue",1718,7,790
"366",-411,51.41,13.61,1,"blue",1718,5,752
"367",1616,51.16,13.09,1,"blue",1718,17,1003
"368",-1389,48.94,12.53,10,"blue",1718,4,1078
"369",357,44.95,12.23,3,"red",1718,8,892
"370",-182,59.52,15.54,12,"blue",1718,17,1423
"371",-907,50.52,12.75,11,"red",1718,40,1822
"372",-1426,36.73,10.99,1,"red",1718,26,1163
"373",-776,44.39,11.25,1,"blue",1718,29,1251
"374",-1492,56,15.24,5,"red",1718,23,1288
"375",920,47.65,15.47,3,"blue",1718,18,982
"376",-1353,53.1,16.14,5,"blue",1718,3,868
"377",1236,43.67,12.86,13,"red",1718,10,1236
"378",1626,41.53,10.39,15,"red",1718,38,1950
"379",-174,54.41,14.95,4,"blue",1718,34,1463
"380",-200,45.26,13.5,4,"red",1718,30,1330
"381",-1333,48.53,12.83,1,"red",1718,1,625
"382",-88,60.13,15.9,7,"blue",1718,4,953
"383",230,51.56,13.12,0,"green",1718,11,837
"384",28,44.22,11.31,4,"red",1718,38,1551
"385",-645,57.1,15.4,27,"green",1718,27,2212
"386",-1929,60.66,16.31,3,"blue",1718,22,1169
"387",-1410,47.82,13.28,14,"green",1718,11,1376
"388",1082,62.97,17.11,7,"red",1719,26,1274
"389",675,50.53,15.16,0,"green",1719,19,886
"390",1054,51.08,14.1,6,"blue",1719,20,1139
"391",-524,48.57,13.88,5,"red",1719,18,1146
"392",-1951,50.39,13.72,14,"red",1719,22,1577
"393",-1017,55.32,14.9,5,"green",1719,21,1203
"394",-1688,60.62,15.57,27,"red",1719,35,2378
"395",-566,66.21,18.81,0,"blue",1719,5,674
"396",342,61.9,15.74,0,"blue",1719,39,1380
"397",-645,49.85,13.67,6,"red",1719,1,885
"398",-1780,54,13.61,16,"red",1719,34,1947
"399",1161,47.72,14.06,4,"green",1719,23,1134
"400",1065,51.08,14.77,10,"red",1719,7,1030
"401",1612,46.14,12.18,0,"red",1719,39,1340
"402",-1087,43.46,11.35,6,"red",1719,8,1007
"403",-1881,38.26,10.31,4,"blue",1719,17,1087
"404",-68,47.45,12.33,3,"green",1719,32,1343
"405",-1226,51.87,13.06,1,"blue",1719,27,1192
"406",-1969,42.6,12.27,5,"red",1719,9,972
"407",1022,54.38,14.4,1,"red",1719,6,680
"408",-1174,48.01,12.85,3,"red",1719,35,1448
"409",-147,43.03,11.35,3,"blue",1719,12,990
"410",-1662,51.49,13.71,5,"red",1719,23,1249
"411",182,50.38,13.07,10,"blue",1719,33,1680
"412",20,46.9,13.96,15,"blue",1720,23,1674
"413",-363,43.93,11.19,20,"green",1720,23,1877
"414",873,45.45,13.42,5,"red",1720,12,969
"415",-922,50.48,13.03,5,"red",1720,19,1218
"416",-1780,47.13,13.33,35,"red",1720,32,2606
"417",-1066,48.68,12.17,6,"red",1720,12,1102
"418",897,51.22,13.82,46,"blue",1720,9,2500
"419",-812,62.87,18.3,4,"red",1720,38,1520
"420",622,53.45,19.75,2,"green",1720,20,1003
"421",-1879,53.91,14.86,51,"red",1720,17,2975
"422",-1243,43.01,11.54,4,"black",1720,34,1443
"423",-1900,48.27,12.62,1,"red",1720,38,1402
"424",1661,57.43,15.08,10,"red",1720,23,1436
"425",1474,43.84,11.22,8,"green",1720,16,1131
"426",-349,50.41,13.36,1,"red",1720,29,1229
"427",-1223,53.28,15.4,11,"red",1720,12,1283
"428",694,53.48,13.86,10,"green",1720,7,1053
"429",733,42.82,11.43,18,"blue",1720,3,1284
"430",1219,58.97,15.35,11,"red",1720,21,1386
"431",1564,51.13,12.89,20,"red",1721,16,1706
"432",-1108,49.73,13.94,13,"blue",1721,10,1303
"433",-975,43.66,11.75,1,"green",1721,29,1219
"434",494,47.8,13.18,21,"red",1721,27,1951
"435",-29,46.89,12.4,11,"red",1721,5,1145
"436",-1764,60.56,15.7,15,"red",1721,8,1353
"437",-1518,51.92,13.89,16,"green",1721,8,1411
"438",1147,44.35,11.16,0,"blue",1721,9,693
"439",-703,51.95,13.23,1,"red",1721,18,991
"440",1587,47.41,12.93,2,"red",1721,3,737
"441",-1709,57.88,14.56,17,"red",1721,10,1471
"442",1310,63.41,16.18,32,"red",1721,14,2069
"443",-1932,59.11,16.92,2,"red",1721,37,1422
"444",-1081,47.09,12.3,8,"red",1721,38,1713
"445",-721,42.17,11.7,20,"blue",1721,39,2183
"446",112,44.43,11.18,6,"blue",1721,20,1220
"447",492,50.92,14.66,1,"red",1721,6,759
"448",-593,56.98,14.59,39,"blue",1721,15,2493
"449",577,42.88,12.32,13,"blue",1721,15,1331
"450",-1640,46.68,11.75,3,"red",1721,3,762
"451",-1760,50.48,13.32,1,"red",1721,25,1135
"452",-285,42.78,11.83,22,"red",1721,25,1958
"453",-1599,44.71,11.27,2,"blue",1721,25,1160
"454",875,71.61,18.05,6,"blue",1721,11,959
"455",-713,49.02,14.37,2,"red",1721,29,1269
"456",848,61.24,16.44,18,"red",1721,1,1279
"457",445,56.11,14.38,3,"red",1722,2,761
"458",1182,60.89,15.8,9,"blue",1722,12,1091
"459",-706,43.75,13.02,4,"blue",1722,38,1538
"460",-1472,45.61,11.61,3,"green",1722,40,1493
"461",1644,49.37,14.55,11,"red",1722,18,1421
"462",-1990,48.41,13.5,15,"green",1722,9,1339
"463",-263,48.51,12.45,6,"red",1722,12,1090
"464",765,43.81,11.89,6,"blue",1722,9,945
"465",766,46.52,12.15,13,"green",1722,19,1431
"466",-537,42.39,11.18,19,"red",1722,13,1663
"467",-1631,53.37,13.64,50,"blue",1722,29,3187
"468",359,45.73,13.65,13,"blue",1722,20,1520
"469",-1679,45.32,12.17,11,"green",1722,39,1809
"470",1665,48.84,13.32,2,"blue",1722,19,1035
"471",1646,51.59,14.4,13,"red",1722,4,1203
"472",1723,46.15,11.59,1,"blue",1722,31,1260
"473",2,58.19,14.6,8,"blue",1722,4,980
"474",-1825,55.04,15.23,20,"red",1722,31,2015
"475",1421,46.91,11.78,3,"blue",1722,33,1279
"476",-774,52.7,13.42,2,"red",1723,33,1330
"477",-450,45.13,11.52,35,"blue",1723,17,2336
"478",1788,66.13,16.79,0,"red",1723,30,1181
"479",1468,48.49,12.34,10,"red",1723,26,1453
"480",-897,53.33,14.8,3,"black",1723,27,1288
"481",643,57.98,15.57,30,"green",1723,4,1752
"482",-1843,33.71,8.67,2,"blue",1723,8,872
"483",724,53.31,14.21,39,"blue",1723,26,2561
"484",898,43.88,12.22,7,"red",1723,38,1545
"485",-1393,50,13.39,1,"red",1723,25,1127
"486",1514,47.43,12.76,10,"red",1723,20,1404
"487",1086,54.36,14.31,17,"green",1723,30,1732
"488",938,38.57,10.34,12,"red",1723,28,1554
"489",-656,49.43,12.56,5,"blue",1723,40,1584
"490",-1527,42.58,10.95,22,"red",1723,35,2180
"491",1374,49.16,12.44,13,"red",1723,27,1536
"492",1242,53.98,14.76,2,"blue",1723,13,831
"493",1209,46.03,11.93,2,"red",1723,20,982
"494",-701,57.25,14.45,1,"green",1723,14,929
"495",-930,58.51,16.42,3,"red",1723,24,1231
"496",-1529,42.72,15.31,24,"blue",1723,12,1840
"497",790,55.38,17.38,4,"red",1723,36,1344
"498",964,60.62,15.33,0,"blue",1723,17,875
"499",1501,52.01,13.52,24,"red",1723,37,2333
"500",-1759,51.07,15.33,6,"green",1723,33,1497
"501",-1467,49.95,14.04,4,"red",1724,25,1250
"502",-1479,67.79,19.33,5,"red",1724,15,1115
"503",704,50.42,14.33,2,"red",1724,21,1015
"504",-1314,50.54,13.66,12,"red",1724,21,1461
"505",-1664,46.02,11.84,4,"red",1724,0,755
"506",-1190,52.21,14.5,1,"green",1724,25,1105
"507",-1095,50.2,13.19,0,"blue",1724,8,743
"508",-1716,42.72,14.17,0,"red",1724,5,722
"509",254,52.55,15.18,22,"red",1724,18,1855
"510",-356,54.16,13.77,5,"green",1725,19,1197
"511",639,45.07,12.81,1,"red",1725,21,970
"512",1477,45.17,11.33,13,"blue",1725,14,1295
"513",-1274,50.4,13.59,4,"red",1725,24,1239
"514",-642,50.63,13.19,5,"red",1725,27,1304
"515",-943,52.08,13.97,29,"black",1725,39,2561
"516",-241,47.85,13.57,10,"red",1725,34,1669
"517",1204,46.35,11.76,4,"red",1725,7,830
"518",-814,41.43,10.42,5,"red",1725,26,1298
"519",855,39.73,10.3,2,"red",1725,16,912
"520",-1129,45.96,12.41,1,"blue",1725,31,1263
"521",503,70.07,17.93,0,"red",1725,25,1028
"522",-1456,45.77,11.54,11,"red",1725,33,1698
"523",155,63.45,15.97,9,"green",1725,13,1229
"524",-391,48.71,12.5,28,"red",1725,34,2420
"525",273,42.12,11.07,3,"red",1725,39,1523
"526",-258,51.43,15.09,0,"green",1725,14,870
"527",-5,57.23,15.29,3,"green",1725,25,1222
"528",141,39.09,10.05,24,"blue",1725,17,1886
"529",-300,52.28,13.19,0,"red",1725,1,607
"530",1080,47.54,12.58,5,"red",1726,3,731
"531",-1603,60.28,15.35,1,"blue",1726,11,831
"532",52,44.91,11.52,5,"red",1726,1,806
"533",-1186,40.17,10.5,3,"red",1726,10,930
"534",1203,49.79,13.68,47,"red",1726,16,2706
"535",-27,60.9,15.83,17,"blue",1726,35,1957
"536",-1515,40.75,11.06,1,"red",1726,16,953
"537",-550,36.74,9.38,1,"blue",1726,16,937
"538",1236,48.57,14.27,0,"green",1726,16,810
"539",-1298,43.31,11.08,5,"green",1726,15,1136
"540",883,45.87,14.97,8,"green",1726,33,1488
"541",-900,52.6,13.99,2,"green",1726,7,817
"542",-204,45.96,12.51,14,"blue",1726,37,1898
"543",323,61.72,16.05,1,"green",1727,32,1300
"544",-396,51.46,12.9,9,"blue",1727,24,1408
"545",-969,52.14,14.94,3,"red",1727,40,1545
"546",-1683,62.15,18.84,9,"blue",1727,36,1704
"547",1089,54.46,13.63,1,"green",1727,30,1129
"548",390,55.09,17.53,1,"red",1727,25,1122
"549",155,45.79,11.55,2,"red",1727,9,906
"550",-551,43.92,12.04,9,"red",1727,21,1379
"551",1220,47.04,12.13,3,"green",1727,17,958
"552",1749,39.38,10.55,22,"blue",1727,11,1710
"553",-198,51.27,13.03,16,"red",1727,29,1798
"554",-1067,54.7,14.15,14,"green",1727,35,1851
"555",-61,52.53,14.07,4,"red",1727,36,1486
"556",-889,48.1,12.06,3,"green",1727,36,1470
"557",-1693,43.93,13.18,10,"red",1727,25,1505
"558",-1504,48.43,13.08,3,"red",1727,25,1211
"559",-1364,48.47,12.86,1,"red",1727,36,1330
"560",468,51.45,12.98,1,"blue",1728,38,1435
"561",-1491,47.61,12.18,1,"blue",1728,10,845
"562",395,44.71,12.46,16,"red",1728,12,1465
"563",-608,60.2,15.21,12,"green",1728,26,1573
"564",-1922,64.88,16.38,1,"green",1728,16,985
"565",-517,57.27,14.43,28,"red",1728,13,1977
"566",-82,62.11,17.55,45,"blue",1728,38,3178
"567",-317,47.89,12.48,3,"green",1728,19,1083
"568",1281,62.63,16.9,0,"red",1728,26,999
"569",1324,53.35,13.52,0,"red",1728,10,688
"570",-1602,59.51,16.23,4,"green",1728,0,768
"571",-823,38.81,13.94,7,"green",1729,39,1685
"572",1582,54.6,15.25,24,"green",1729,17,1934
"573",1311,58.96,15.43,5,"green",1729,26,1248
"574",-1437,53.69,15.47,14,"blue",1729,3,1222
"575",-30,53.29,14.47,23,"red",1729,40,2369
"576",1112,37.91,10.58,23,"red",1729,3,1496
"577",-902,50.71,12.79,3,"blue",1729,13,982
"578",-1201,38.43,10.56,13,"blue",1729,22,1569
"579",-729,50.59,15.81,0,"red",1729,7,756
"580",-283,49.53,12.73,2,"red",1729,34,1377
"581",-287,53.64,14.94,3,"blue",1729,32,1340
"582",-1984,58.53,16.08,21,"blue",1729,28,2017
"583",-627,53.43,15.12,2,"red",1729,23,1130
"584",-729,61.78,15.95,22,"red",1729,11,1712
"585",1426,48.81,14.44,2,"blue",1729,1,602
"586",796,41,10.72,6,"red",1729,34,1384
"587",1348,58.56,15.83,14,"green",1729,23,1517
"588",86,48.55,12.31,3,"red",1729,27,1251
"589",-661,44.26,11.38,5,"red",1729,35,1508
"590",-1472,44,11.73,2,"red",1729,25,1142
"591",-1554,43.57,11.16,1,"blue",1729,18,1005
"592",-1313,54.61,14.33,3,"blue",1729,7,830
"593",912,42.48,12.01,6,"green",1729,11,961
"594",-615,54.72,14.13,27,"red",1729,32,2322
"595",58,54.19,14.98,1,"green",1729,35,1360
"596",-1858,56.2,15.94,4,"red",1729,4,845
"597",1235,50.12,14.97,8,"red",1729,9,1020
"598",1640,46.48,11.85,9,"red",1729,20,1345
"599",351,56.08,14.52,48,"red",1729,22,2995
"600",1135,49.61,12.84,8,"red",1729,26,1360
"601",399,56.5,15.77,5,"red",1730,28,1390
"602",556,54.04,13.84,2,"red",1730,15,866
"603",-1135,52.65,13.46,21,"red",1730,17,1776
"604",304,48.04,13.07,0,"red",1730,4,676
"605",861,53.27,14.34,13,"red",1730,20,1441
"606",-1674,53.3,13.62,5,"red",1730,9,994
"607",175,35.86,10.43,5,"red",1730,14,1071
"608",259,48.6,12.8,25,"red",1730,11,1828
"609",-446,62.24,15.88,6,"red",1730,24,1299
"610",-63,56.19,14.14,15,"blue",1730,20,1600
"611",727,47.41,12.02,3,"green",1730,21,1021
"612",-853,43.73,12.76,20,"blue",1730,28,1948
"613",26,60.68,21.07,17,"red",1730,8,1424
"614",1403,56.97,14.82,3,"red",1730,25,1096
"615",-596,59.72,17.19,23,"blue",1730,2,1551
"616",-77,55.84,14.74,19,"red",1730,18,1747
"617",565,43.88,10.98,8,"green",1730,38,1609
"618",-1712,49.61,13.19,22,"green",1730,21,1898
"619",1502,46.52,11.87,18,"blue",1730,40,2083
"620",829,51.46,13.55,13,"blue",1730,20,1410
"621",1149,53.93,13.53,1,"green",1730,24,1050
"622",731,58.97,15.65,10,"red",1730,0,914
"623",-461,48.11,13.75,5,"red",1730,8,958
"624",-1766,53.82,13.6,3,"blue",1730,28,1267
"625",-157,48.69,12.92,10,"green",1731,20,1386
"626",-1524,49.39,13.46,0,"green",1731,9,743
"627",-231,40.8,10.4,5,"red",1731,21,1210
"628",-515,52.84,13.44,25,"black",1731,14,1851
"629",562,43.22,10.81,13,"red",1731,28,1545
"630",-1444,54.49,14.2,24,"red",1731,14,1848
"631",-264,56.98,15.72,2,"red",1731,36,1460
"632",-1326,39.78,10.35,10,"red",1731,33,1639
"633",29,50.37,14.27,17,"red",1731,20,1697
"634",-113,63.5,18.08,17,"red",1731,24,1743
"635",1358,43.57,13.07,4,"red",1731,21,1091
"636",425,54.15,14.41,2,"green",1731,1,711
"637",1004,59.1,16.27,12,"red",1731,26,1496
"638",370,53.87,14.65,7,"blue",1731,27,1412
"639",739,41.01,10.43,3,"red",1731,4,730
"640",-1216,39.94,10.19,23,"red",1732,23,1999
"641",-1387,50.24,12.77,1,"green",1732,22,1058
"642",9,47.99,13.55,21,"red",1732,5,1554
"643",-1173,43.73,11.32,1,"green",1732,33,1282
"644",517,68.27,22.29,12,"red",1732,0,988
"645",-1651,46.53,12.25,2,"blue",1732,37,1463
"646",786,48.8,12.25,0,"green",1732,6,622
"647",-1702,30.6,9.16,15,"blue",1732,31,1791
"648",652,43.95,11.01,4,"blue",1732,1,666
"649",-1097,51.96,13.63,25,"green",1732,5,1681
"650",-1217,57.12,14.46,55,"red",1732,39,3564
"651",-475,56.82,14.7,7,"blue",1732,36,1640
"652",323,49.17,12.53,4,"red",1733,23,1213
"653",-1035,37.64,9.85,11,"green",1733,22,1445
"654",-1125,49.26,14.85,27,"red",1733,1,1687
"655",259,51.18,13.15,13,"blue",1733,15,1437
"656",-1529,51.55,13.84,6,"red",1733,1,841
"657",191,47.59,14.36,2,"green",1733,37,1429
"658",1472,41.54,10.87,19,"red",1733,39,1983
"659",43,34.56,8.77,1,"green",1733,22,1117
"660",-914,45.23,13.01,5,"red",1733,25,1336
"661",-1617,40.13,10.72,13,"blue",1733,27,1647
"662",-1,57.18,15.03,2,"blue",1733,27,1190
"663",-869,67.13,17.09,37,"blue",1733,37,2840
"664",1110,51.4,16,8,"red",1733,22,1246
"665",1626,58.18,16.49,1,"green",1733,18,1035
"666",831,41.14,10.85,6,"green",1733,6,860
"667",1187,54.93,14.55,24,"red",1733,28,1999
"668",-151,54.11,14.52,7,"red",1733,21,1281
"669",-937,52.81,13.74,3,"red",1733,12,929
"670",-1238,58.57,15.49,14,"red",1733,27,1690
"671",1159,51.34,12.86,1,"blue",1733,30,1130
"672",-18,49.73,14.22,8,"blue",1733,13,1157
"673",1338,53.96,13.98,6,"black",1733,38,1527
"674",1472,46.56,11.68,3,"blue",1734,6,738
"675",1425,43.31,12.39,17,"red",1734,26,1726
"676",-638,42.32,12.17,8,"blue",1734,9,1123
"677",-463,61.35,15.67,4,"red",1734,34,1448
"678",1382,40.54,11.3,19,"green",1734,25,1747
"679",-1053,47.98,14.64,9,"red",1734,39,1722
"680",-893,48.37,12.4,7,"green",1734,16,1213
"681",207,39.28,9.9,4,"blue",1734,24,1201
"682",-307,50.88,13.56,1,"green",1734,0,671
"683",702,46.89,11.93,19,"red",1734,27,1802
"684",840,48.35,12.31,7,"red",1734,1,788
"685",-646,49.18,16.5,29,"blue",1734,17,2105
"686",-636,45.61,11.72,3,"red",1734,26,1254
"687",1212,50.55,13.69,5,"red",1734,4,743
"688",-1959,53,16.06,18,"red",1735,36,2059
"689",-968,48.18,12.83,10,"blue",1735,31,1593
"690",-1022,50.11,13.12,6,"blue",1735,17,1176
"691",-310,53.23,13.81,3,"blue",1735,0,714
"692",1123,46.05,11.86,1,"red",1735,39,1320
"693",-1346,49.16,13.5,11,"blue",1735,7,1210
"694",-1948,48.18,13.72,10,"blue",1735,25,1487
"695",-901,48.84,12.82,1,"green",1735,13,868
"696",1283,43.69,10.94,2,"green",1735,3,658
"697",1237,43.7,11.3,15,"blue",1735,6,1212
"698",-788,38.99,10.07,6,"red",1735,18,1229
"699",-490,39.66,10.7,1,"red",1735,39,1418
"700",302,54.99,15.85,1,"blue",1736,27,1156
"701",688,44.58,11.75,0,"red",1736,17,787
"702",-94,57.53,15.97,9,"green",1736,23,1441
"703",1321,51.15,14.62,5,"red",1736,14,997
"704",-761,48.77,13.88,8,"blue",1736,20,1309
"705",-1106,54.68,14.93,7,"red",1736,25,1360
"706",-470,59.42,17.79,7,"blue",1736,1,892
"707",-1383,49.39,13.16,4,"green",1736,20,1107
"708",1092,56.53,14.74,1,"red",1736,11,735
"709",-550,56.43,14.39,21,"red",1736,11,1655
"710",500,56.19,14.05,23,"blue",1736,9,1585
"711",-1728,61.48,15.99,4,"blue",1736,37,1482
"712",96,45.41,15.11,57,"red",1736,27,3442
"713",-436,52.7,13.2,3,"red",1736,33,1346
"714",-1744,48.36,12.18,2,"red",1736,31,1259
"715",447,44.07,12.89,10,"blue",1736,30,1593
"716",802,41.18,10.95,7,"blue",1736,25,1272
"717",-892,57.37,14.47,17,"red",1736,31,1891
"718",-1729,44.77,12.29,5,"blue",1736,13,1046
"719",1678,54.76,13.74,25,"red",1737,9,1793
"720",-107,47.52,12.6,22,"green",1737,22,1884
"721",-171,59.57,16.43,7,"green",1737,27,1445
"722",-912,54.12,14.4,5,"red",1737,35,1504
"723",-1303,52.24,14.75,6,"blue",1737,34,1505
"724",-1796,59.22,15.09,16,"blue",1737,30,1863
"725",429,42.57,12.43,23,"red",1737,28,2088
"726",-585,61.89,16.5,2,"black",1737,2,726
"727",304,46.33,11.73,9,"blue",1737,22,1410
"728",683,48.72,12.32,4,"blue",1737,29,1255
"729",-1100,54.61,13.76,10,"blue",1737,31,1611
"730",900,54.85,15.17,4,"red",1737,1,672
"731",-1620,44.32,12.8,1,"red",1737,38,1400
"732",1452,45.21,12.84,8,"green",1737,15,1123
"733",1400,54.71,14.87,3,"red",1737,21,1058
"734",-1110,45.27,11.85,19,"red",1737,5,1425
"735",1566,47.4,16.18,2,"blue",1737,7,815
"736",-1496,40.7,11.11,2,"blue",1737,38,1434
"737",723,61.94,15.58,32,"red",1737,13,2071
"738",-960,46.71,12.97,4,"red",1737,31,1420
"739",-601,56.7,14.88,4,"blue",1737,24,1215
"740",1546,53.89,14.23,40,"red",1737,23,2652
"741",579,61.62,15.95,15,"blue",1737,35,1786
"742",19,45,12.17,12,"blue",1737,7,1231
"743",918,45.06,11.95,3,"red",1738,26,1139
"744",146,52.08,15.06,14,"blue",1738,26,1685
"745",-1602,45.13,13.92,3,"blue",1738,3,764
"746",1596,48.23,12.79,2,"red",1738,11,922
"747",1642,48.9,12.95,10,"blue",1738,19,1346
"748",575,50.04,13.34,15,"green",1738,4,1169
"749",-929,54.33,15.47,15,"green",1738,33,1862
"750",-694,49.2,12.8,28,"red",1738,37,2432
"751",-1467,45.1,11.67,6,"red",1738,19,1227
"752",-1111,52.56,13.22,0,"red",1738,32,1236
"753",-1965,46.09,11.86,12,"red",1738,27,1614
"754",200,45.93,12.15,11,"red",1738,2,1079
"755",-909,58.98,15.8,5,"green",1738,28,1353
"756",-1547,46.22,11.66,6,"red",1738,4,950
"757",-1542,41.12,10.42,13,"red",1738,32,1764
"758",-1213,63.5,19.89,4,"red",1738,23,1219
"759",-1616,49.53,12.47,25,"red",1739,20,1962
"760",526,44.52,11.56,1,"blue",1739,9,719
"761",-544,60.83,15.33,6,"red",1739,11,1017
"762",1645,60.06,15.63,30,"red",1739,38,2551
"763",72,52.92,13.79,5,"red",1739,35,1502
"764",-165,65.4,16.86,21,"red",1739,31,2041
"765",-577,41.18,10.39,9,"red",1739,26,1495
"766",-307,39.09,11.52,1,"red",1739,5,722
"767",1729,57.97,16.4,0,"green",1739,12,849
"768",-422,58.83,15.31,12,"red",1739,37,1808
"769",39,48.69,12.24,6,"blue",1739,33,1481
"770",-834,52.13,13.08,13,"red",1739,6,1242
"771",907,53.04,13.91,9,"green",1739,40,1656
"772",332,40.93,10.97,2,"green",1739,23,1146
"773",-1018,48.37,12.92,1,"blue",1739,21,1089
"774",-949,53.53,13.48,0,"red",1739,39,1369
"775",-1455,49.73,13.14,2,"red",1739,27,1222
"776",-725,38.57,9.81,3,"blue",1740,16,1043
"777",1312,41.66,13.74,10,"green",1740,34,1555
"778",-301,57.37,14.59,16,"blue",1740,11,1456
"779",-792,44.69,11.6,6,"blue",1740,7,993
"780",756,39.02,10.15,7,"red",1740,39,1601
"781",1280,48.44,12.38,3,"blue",1740,16,950
"782",-1909,53.63,16.33,6,"blue",1740,30,1440
"783",-1733,50.93,13.64,1,"red",1740,17,965
"784",-239,48.54,14.35,27,"green",1740,1,1710
"785",-1854,49.57,12.5,7,"blue",1740,10,1092
"786",-1056,50.54,12.81,6,"green",1740,10,1016
"787",40,49.24,13.05,21,"blue",1740,17,1768
"788",-726,48.25,13.44,7,"red",1741,0,852
"789",-355,53.65,13.66,2,"blue",1741,18,1032
"790",808,55.96,14.11,1,"red",1741,11,760
"791",1505,50.87,14.76,4,"red",1741,3,848
"792",1235,57.61,15.07,6,"blue",1741,16,1059
"793",189,47.08,11.87,5,"red",1741,29,1386
"794",1687,65.05,17.23,40,"green",1741,11,2396
"795",-310,65.66,17.98,10,"red",1741,19,1365
"796",1080,47.9,12.94,4,"red",1741,17,997
"797",-506,42.25,12.25,5,"red",1741,36,1522
"798",-1276,43.4,11.04,8,"blue",1741,8,1090
"799",1577,60.5,15.23,17,"green",1741,18,1647
"800",797,42.39,12.52,18,"red",1741,1,1246
"801",-1322,50.15,12.67,17,"red",1741,21,1696
"802",823,52.69,14.28,0,"green",1741,29,1091
"803",-1002,56.38,14.92,4,"blue",1741,26,1303
"804",-1131,43.13,11.43,3,"blue",1741,28,1312
"805",686,62.51,15.68,8,"blue",1741,26,1366
"806",1621,33.42,9.09,5,"blue",1741,3,855
"807",384,36.3,9.35,12,"red",1741,24,1571
"808",1411,61.33,15.35,3,"green",1741,16,941
"809",244,48.17,12.1,0,"red",1741,34,1250
"810",841,56.09,14.43,2,"blue",1742,29,1180
"811",399,70.5,18.41,10,"blue",1742,21,1447
"812",-983,49.09,13.94,6,"red",1742,23,1284
"813",-615,39.07,9.82,2,"blue",1742,8,842
"814",1220,54.62,14,0,"green",1742,5,580
"815",-137,48.23,12.85,25,"red",1742,38,2380
"816",-29,55.25,14.14,11,"red",1742,5,1112
"817",-1994,54.13,15.92,2,"green",1742,39,1460
"818",-676,59.42,16.2,2,"red",1742,27,1219
"819",1797,48.45,12.62,11,"blue",1742,19,1428
"820",1122,48.76,12.23,3,"red",1742,12,833
"821",58,47.38,12.71,9,"blue",1742,31,1549
"822",1505,48.68,12.95,38,"green",1742,14,2403
"823",-142,47.26,12.14,3,"green",1742,12,1005
"824",868,51.06,14.01,10,"red",1742,40,1714
"825",254,69.27,18.35,18,"blue",1742,37,2056
"826",-13,44.28,11.91,8,"black",1742,10,1154
"827",902,46.41,11.74,2,"red",1742,14,861
"828",1729,49.21,12.43,4,"red",1742,6,873
"829",1664,56.63,14.63,2,"red",1742,13,921
"830",1242,55.99,15.58,3,"blue",1742,15,928
"831",-688,50.56,12.98,2,"red",1742,27,1209
"832",871,47.65,12.88,20,"green",1743,17,1631
"833",45,39.43,10.52,6,"red",1743,24,1339
"834",-1745,57.7,15.64,18,"red",1743,30,1931
"835",-1183,43.52,11.11,7,"red",1743,30,1478
"836",147,54.55,13.76,14,"red",1743,5,1258
"837",1512,41.98,10.56,2,"red",1743,32,1297
"838",1780,65.38,17.18,6,"red",1743,24,1322
"839",-536,44.66,11.21,2,"blue",1743,30,1302
"840",-1953,40.7,10.4,8,"black",1743,27,1458
"841",-1890,49.54,12.51,17,"blue",1743,20,1643
"842",-661,51.25,13.49,7,"red",1743,8,1030
"843",951,46.13,15.84,25,"green",1743,12,1723
"844",1046,53,13.56,31,"blue",1743,23,2218
"845",812,51.56,13.38,3,"red",1743,34,1323
"846",10,49.3,15.84,29,"red",1743,31,2373
"847",-785,66.16,17.85,17,"red",1743,33,1978
"848",-821,52.17,15.18,23,"red",1743,3,1538
"849",925,50.04,13.22,7,"red",1743,26,1317
"850",-1505,48.63,12.36,3,"red",1743,30,1312
"851",-624,52.5,13.14,1,"red",1743,0,630
"852",107,70.59,18.05,4,"green",1743,34,1491
"853",-866,54.37,13.6,29,"blue",1743,1,1786
"854",227,40.73,10.85,9,"green",1744,36,1689
"855",1443,41.18,11.09,6,"green",1744,17,1100
"856",1405,48.86,12.81,1,"red",1744,11,779
"857",-850,50.88,13.27,0,"red",1744,7,731
"858",-924,39.07,11.33,3,"red",1744,10,911
"859",199,51.72,14.39,4,"blue",1744,22,1207
"860",-342,45.88,11.51,2,"red",1744,3,746
"861",1493,46.68,12.63,5,"green",1744,14,979
"862",1460,57.32,14.43,0,"red",1744,13,731
"863",1092,49.04,16.01,30,"blue",1744,35,2396
"864",-778,51.17,14.19,0,"red",1744,26,1125
"865",1045,66.69,16.99,2,"red",1744,13,848
"866",-1005,36.72,9.28,0,"red",1744,34,1286
"867",-1467,44.79,13.61,4,"red",1744,2,754
"868",534,46.86,12.45,0,"blue",1744,38,1282
"869",-361,42.95,11.06,9,"red",1744,13,1202
"870",-1917,53.8,15.67,32,"blue",1744,16,2215
"871",749,53.37,14.22,3,"blue",1744,2,670
"872",1008,46.96,14.85,6,"red",1745,9,931
"873",-617,35.08,9.09,22,"red",1745,30,2089
"874",-576,54.89,14.95,8,"red",1745,7,1041
"875",-1743,52.51,13.27,14,"green",1745,30,1770
"876",-888,47.58,13.39,5,"red",1745,36,1556
"877",-1000,42.52,11.67,0,"blue",1745,30,1185
"878",-256,40.55,12.09,4,"red",1745,8,913
"879",689,47.16,13.05,2,"green",1745,3,637
"880",732,43.14,12.5,2,"red",1745,17,915
"881",858,44.98,11.44,9,"blue",1745,2,916
"882",1375,33.41,10.71,2,"blue",1745,26,1119
"883",-1345,46.94,12.27,3,"red",1745,4,786
"884",-675,51.44,13.38,22,"blue",1745,26,2019
"885",750,47.33,13.41,9,"blue",1745,2,925
"886",-1928,60.87,16,8,"green",1745,10,1103
"887",-276,51.15,13.74,10,"red",1745,37,1799
"888",-1720,54.14,14.7,7,"red",1745,12,1125
"889",-1379,42.03,10.98,4,"red",1745,0,757
"890",-1591,59.93,16.12,11,"red",1745,30,1631
"891",1574,54.04,15.33,14,"red",1746,17,1495
"892",1372,62.4,15.9,9,"blue",1746,3,904
"893",832,44.5,11.91,7,"red",1746,1,819
"894",-1102,46.54,12.48,7,"red",1746,18,1225
"895",-1887,40.96,11.85,14,"red",1746,26,1719
"896",-1810,38.46,10.02,4,"green",1746,35,1463
"897",-181,52.86,15.2,35,"red",1746,13,2239
"898",450,48.61,12.37,14,"red",1746,3,1216
"899",-1771,46.32,12.03,1,"red",1746,32,1239
"900",-1789,44.78,11.48,16,"red",1746,14,1479
"901",-1076,42.72,11.04,2,"blue",1746,9,862
"902",-1967,49.9,13.17,2,"red",1746,1,722
"903",-6,54.65,14.01,3,"blue",1746,7,879
"904",630,54.27,14.11,6,"green",1746,18,1097
"905",-1382,43.93,12.88,30,"red",1746,7,1927
"906",1316,52.51,14.04,5,"red",1746,17,1037
"907",-1887,42.07,10.98,17,"red",1747,25,1762
"908",1548,48.93,12.89,21,"green",1747,3,1529
"909",1212,45.15,11.82,2,"green",1747,12,803
"910",1088,41.74,15.05,9,"green",1747,2,884
"911",-1925,49.52,12.66,2,"blue",1747,2,711
"912",648,50.73,13.03,1,"red",1747,17,935
"913",-1154,48.82,13.04,7,"red",1747,13,1111
"914",-606,67.88,17.69,43,"red",1747,29,2914
"915",-958,55.35,15.14,6,"blue",1747,19,1242
"916",-714,41.75,12.35,9,"red",1747,18,1322
"917",1628,46.78,12.09,5,"red",1747,0,790
"918",1664,53.93,13.52,2,"green",1747,5,790
"919",-1139,58.09,17.4,6,"green",1747,1,868
"920",1245,37.52,11.26,0,"blue",1747,0,511
"921",1529,53.83,13.65,8,"green",1747,11,1132
"922",-23,43.33,10.95,0,"red",1747,17,955
"923",-1054,51.83,14.04,8,"green",1747,15,1224
"924",704,58.16,14.88,2,"red",1747,17,910
"925",-1785,54.3,14.41,2,"red",1748,13,906
"926",382,46.65,12.85,1,"red",1748,26,1152
"927",-245,58.96,17.25,1,"red",1748,38,1402
"928",-1197,55.52,14.42,17,"red",1748,13,1527
"929",574,48.91,13.05,3,"green",1748,26,1127
"930",1298,41.78,11.78,22,"blue",1748,0,1375
"931",-987,45.24,11.58,6,"red",1748,39,1649
"932",1260,50.88,12.76,5,"red",1748,3,751
"933",-423,51.89,13.48,10,"green",1748,37,1671
"934",-1964,59.29,16.82,6,"red",1748,36,1615
"935",699,59.36,15.18,2,"red",1748,5,687
"936",-1300,44.65,11.9,2,"red",1748,18,1003
"937",-799,50.22,12.67,3,"red",1748,37,1439
"938",-1337,54.99,14.76,2,"red",1748,34,1358
"939",-870,69.73,19,3,"blue",1748,36,1446
"940",-1681,45.01,13.97,7,"green",1748,32,1522
"941",1117,64.64,17.81,6,"green",1748,7,897
"942",-1238,66.91,17.9,0,"red",1748,26,1117
"943",-1694,53.27,13.6,2,"red",1748,15,970
"944",1035,43.4,11.89,25,"red",1748,31,2081
"945",-162,58.96,14.85,0,"blue",1748,18,937
"946",31,56.39,14.67,0,"red",1748,40,1377
"947",1330,52.78,14.21,1,"red",1748,5,613
"948",497,43.77,13.56,5,"blue",1748,13,1067
"949",1233,54.37,14.89,14,"red",1749,13,1306
"950",712,58.09,14.78,8,"blue",1749,9,1008
"951",335,46.74,12.73,8,"red",1749,19,1330
"952",1415,58.27,14.95,18,"black",1749,38,1989
"953",-630,52.57,15.23,14,"red",1749,28,1691
"954",-1116,59.75,15.82,10,"red",1749,29,1607
"955",274,48.07,12.97,22,"red",1749,4,1576
"956",-123,48.35,14.37,6,"red",1749,33,1498
"957",-641,60.95,15.86,3,"blue",1749,6,834
"958",1583,48.98,15.72,13,"red",1749,22,1585
"959",-446,49,12.94,12,"blue",1749,15,1367
"960",-805,46.9,12.76,17,"green",1749,24,1751
"961",469,57.19,14.36,19,"red",1749,25,1835
"962",1173,42.19,13.55,8,"red",1749,14,1107
"963",1020,53.33,13.62,4,"green",1749,5,764
"964",-1744,54.39,14.25,36,"green",1749,23,2514
"965",665,47.39,12.99,10,"blue",1749,5,989
"966",-1306,37.17,9.76,6,"blue",1749,25,1364
"967",-865,41.45,10.46,3,"red",1749,2,775
"968",-1091,52.03,14.45,11,"red",1749,14,1335
"969",-935,49.52,13.69,22,"blue",1749,29,2030
"970",1243,44.21,11.37,27,"blue",1749,29,2145
"971",566,48.62,12.23,16,"green",1749,1,1174
"972",-1848,46.92,13.08,10,"blue",1749,40,1789
"973",1714,50.1,12.89,46,"blue",1750,7,2568
"974",-795,47.95,12.36,1,"blue",1750,21,1036
"975",-1220,41.3,16.62,1,"blue",1750,34,1338
"976",-1263,53.54,13.51,27,"red",1750,30,2289
"977",111,56.72,14.41,9,"red",1750,14,1260
"978",1797,48.55,12.53,7,"red",1750,12,1118
"979",-1082,57.5,14.9,15,"red",1750,10,1403
"980",700,44.06,12.28,18,"green",1750,7,1351
"981",-951,54.55,14.38,0,"red",1750,5,703
"982",-947,58.36,14.92,23,"red",1750,36,2257
"983",-53,46.52,12.66,19,"red",1750,13,1621
"984",-1775,45.87,13.14,5,"green",1750,12,1014
"985",1166,42.52,13.47,8,"blue",1750,30,1450
"986",1559,57.57,14.86,18,"red",1751,16,1658
"987",110,51.26,12.84,2,"red",1751,8,824
"988",-717,55.25,14.98,35,"blue",1751,24,2489
"989",-286,48.92,13.41,0,"green",1751,18,974
"990",131,52.1,14.87,6,"blue",1751,27,1386
"991",591,43.83,12.15,27,"green",1751,8,1731
"992",1326,60.43,16.94,6,"blue",1751,18,1091
"993",345,50.57,14.21,12,"blue",1751,36,1805
"994",756,43.64,11.14,14,"blue",1751,33,1683
"995",-1972,50.12,13.68,25,"red",1751,33,2252
"996",1416,31.87,8.05,1,"blue",1751,18,894
"997",135,41.93,10.58,1,"blue",1751,29,1216
"998",-1614,43.99,11.52,0,"red",1751,22,1032
"999",-1725,48.34,12.46,19,"green",1751,14,1652
"1000",-70,53.7,17.55,6,"green",1751,20,1269
"1001",1583,58.32,16.01,5,"red",1751,31,1441
"1002",-13,60.24,15.62,5,"red",1751,4,883
"1003",445,44.72,11.43,17,"green",1751,23,1761
"1004",648,57.26,15.85,1,"blue",1751,19,947
"1005",-1274,38,11.56,0,"green",1751,6,696
"1006",923,60.59,16.14,6,"red",1751,27,1267
"1007",1535,44.23,11.23,8,"green",1751,3,984
"1008",1596,44.86,11.51,3,"green",1751,18,1095
"1009",-1274,65.61,17.39,31,"red",1751,12,2102
"1010",473,42.63,11.35,4,"blue",1751,0,775
"1011",-1944,58.17,14.57,2,"blue",1751,24,1136
"1012",-733,54.47,13.63,16,"red",1751,31,1850
"1013",-1661,51.54,13.6,5,"red",1751,8,946
"1014",1109,42.1,11.19,1,"red",1752,34,1245
"1015",545,44.98,11.3,10,"red",1752,34,1587
"1016",1055,66.28,17.06,4,"blue",1752,7,806
"1017",-594,45.08,12.99,12,"red",1752,1,1085
"1018",1742,47.31,12.33,4,"blue",1752,37,1523
"1019",3,40.9,10.3,3,"green",1752,29,1301
"1020",-481,51.11,14.56,15,"blue",1752,11,1474
"1021",629,47.64,12.96,11,"red",1752,19,1328
"1022",-1877,45.39,11.79,3,"blue",1752,1,750
"1023",-755,55.72,14.51,2,"red",1752,30,1270
"1024",-1652,43.95,11.86,11,"red",1752,27,1568
"1025",-845,45.11,11.42,0,"blue",1752,39,1375
"1026",480,42.49,14.33,19,"red",1752,34,2019
"1027",710,45.8,11.61,6,"blue",1752,11,952
"1028",-178,45.02,11.25,4,"red",1752,35,1426
"1029",293,56.34,14.21,10,"red",1752,24,1498
"1030",-11,47.79,11.97,13,"red",1752,3,1199
"1031",-71,52.15,13.14,2,"blue",1752,40,1448
"1032",-1726,51.58,15.72,18,"green",1752,22,1780
"1033",698,53.84,14.29,3,"green",1752,14,900
"1034",-1546,61.88,18.06,11,"green",1753,3,1096
"1035",-1406,47.32,12.48,3,"blue",1753,34,1392
"1036",1727,43.06,11.5,31,"red",1753,18,2174
"1037",127,51,13.75,1,"green",1753,36,1385
"1038",1513,41.53,11.72,23,"blue",1753,17,1878
"1039",829,57.23,17.39,27,"blue",1753,6,1711
"1040",813,50.28,13.06,20,"blue",1753,27,1855
"1041",-1106,52.76,13.94,0,"blue",1753,11,807
"1042",615,61.49,17.7,6,"red",1753,38,1509
"1043",1147,45.15,11.77,19,"red",1753,24,1729
"1044",-949,41.35,10.52,20,"green",1753,15,1680
"1045",-846,41.29,12.92,18,"red",1753,33,1985
"1046",-502,50.9,13.7,36,"red",1753,21,2470
"1047",-1609,45.59,14.29,34,"red",1753,28,2542
"1048",-1812,64.04,22.37,6,"red",1753,36,1546
"1049",-1012,60.92,15.88,4,"red",1753,10,951
"1050",-1335,47.98,12.66,4,"red",1753,40,1540
"1051",330,52.67,13.93,63,"red",1753,23,3594
"1052",-664,48.28,12.81,16,"green",1754,37,1997
"1053",1484,59.77,15.91,13,"red",1754,25,1527
"1054",538,48.9,13.32,16,"blue",1754,34,1834
"1055",-1181,54.26,13.77,5,"blue",1754,30,1392
"1056",237,44.92,12.53,11,"green",1754,38,1785
"1057",-1429,45.61,12.01,1,"red",1754,5,728
"1058",-889,41.99,10.97,12,"green",1754,4,1125
"1059",801,49.03,12.6,22,"red",1754,35,2062
"1060",-1283,55.47,15.18,15,"red",1754,25,1729
"1061",-1669,60.99,15.41,3,"blue",1754,2,750
"1062",1038,40.32,11.87,30,"green",1754,24,2169
"1063",1467,48.08,12.02,1,"blue",1754,22,1034
"1064",-1947,49.37,12.61,9,"blue",1754,23,1437
"1065",496,54.38,13.66,4,"blue",1754,17,1097
"1066",1765,56.27,15.17,21,"green",1754,21,1832
"1067",300,43.41,11.63,5,"red",1754,5,899
"1068",-1155,57.67,14.45,8,"red",1754,33,1587
"1069",1413,56.63,15.01,27,"blue",1754,39,2343
"1070",1234,44.2,12.11,6,"red",1754,1,783
"1071",746,48.77,14.88,1,"green",1754,37,1291
"1072",1336,48.45,12.88,13,"blue",1755,18,1390
"1073",1031,49.12,12.33,4,"red",1755,27,1211
"1074",38,57.68,16.73,9,"green",1755,39,1776
"1075",523,42.68,11.6,15,"red",1755,3,1180
"1076",431,49.46,13.93,19,"red",1755,3,1389
"1077",-67,48.03,13.05,14,"black",1755,32,1810
"1078",-1555,48.49,13.78,2,"blue",1755,17,1020
"1079",1431,56.53,14.31,8,"green",1755,31,1436
"1080",-1329,47.03,11.76,7,"black",1755,3,941
"1081",963,53.44,13.36,4,"red",1755,34,1367
"1082",-909,39.63,10.59,20,"blue",1755,33,2069
"1083",-721,56.04,15.21,9,"red",1755,36,1682
"1084",-526,54.24,13.87,2,"red",1755,20,1073
"1085",400,50.07,13.5,11,"red",1755,40,1847
"1086",777,53.84,14.95,32,"green",1755,21,2167
"1087",-1651,52.62,13.83,44,"green",1755,7,2507
"1088",-1399,47.65,12.39,27,"blue",1755,35,2388
"1089",1324,43.64,11.97,12,"red",1755,26,1493
"1090",-1387,41.61,11.38,16,"blue",1756,13,1511
"1091",-826,35.84,9.13,2,"red",1756,20,1081
"1092",-499,44.89,12.03,9,"blue",1756,35,1683
"1093",776,53.3,13.45,50,"blue",1756,15,2812
"1094",-1983,40.88,13.72,3,"red",1756,23,1177
"1095",-410,49.9,12.59,12,"red",1756,30,1669
"1096",-1714,57.77,14.92,10,"blue",1756,4,1097
"1097",354,55.03,16,18,"blue",1756,40,2099
"1098",-1848,49.48,15.09,8,"blue",1756,40,1735
"1099",-968,48.77,15.61,11,"red",1756,16,1345
"1100",540,57.49,14.76,3,"black",1756,10,825
"1101",1592,43.27,10.95,5,"green",1756,17,1152
"1102",-1037,41.75,11.39,22,"blue",1756,10,1717
"1103",-927,53.08,13.41,11,"blue",1756,20,1452
"1104",-262,51.08,14.9,6,"red",1756,19,1211
"1105",-1999,55.48,14.21,6,"blue",1756,4,956
"1106",-290,51.68,13.37,22,"green",1756,25,1979
"1107",-109,59.05,16.67,1,"red",1756,37,1395
"1108",-62,53.7,13.69,12,"red",1756,3,1126
"1109",-1028,50.45,16.93,6,"red",1756,23,1307
"1110",-591,33.21,8.41,2,"green",1756,5,745
"1111",1535,57.18,16.49,62,"red",1756,27,3608
"1112",-1285,40.56,11.37,5,"blue",1756,33,1490
"1113",862,45.51,12.06,10,"red",1756,11,1152
"1114",396,48.41,12.65,1,"green",1756,31,1267
"1115",-762,41.09,10.54,6,"blue",1757,6,969
"1116",-705,48.51,12.79,2,"blue",1757,19,1053
"1117",1673,49.67,14.44,6,"blue",1757,6,956
"1118",-513,52.22,13.09,0,"red",1757,2,635
"1119",-288,53.35,16.8,11,"green",1757,32,1713
"1120",596,45.6,11.81,7,"red",1757,18,1154
"1121",-1559,57.68,16.43,2,"red",1757,11,873
"1122",-806,52.63,13.27,6,"red",1757,8,997
"1123",1122,51.84,13.09,21,"blue",1757,38,2089
"1124",196,34.91,9.13,6,"blue",1757,36,1535
"1125",731,56.56,15.04,5,"green",1757,5,820
"1126",1027,39.42,10.35,8,"blue",1757,19,1215
"1127",493,41.6,11.31,9,"blue",1757,32,1620
"1128",-410,58.15,16.51,10,"red",1757,21,1410
"1129",-21,47.55,12.06,3,"blue",1757,15,1030
"1130",1797,41.9,10.7,1,"green",1757,39,1441
"1131",183,55.04,13.76,11,"red",1757,26,1567
"1132",-1815,44.19,11.46,24,"blue",1757,3,1635
"1133",-983,57.83,15.38,3,"red",1757,12,1000
"1134",-960,44.76,11.51,5,"green",1757,9,990
"1135",-639,54.77,17.39,16,"green",1757,33,1932
"1136",1297,42.74,12.89,24,"green",1757,31,2058
"1137",-14,41.57,10.52,4,"red",1757,1,761
"1138",1316,47.01,13.74,25,"red",1757,1,1506
"1139",1051,36.03,11.2,3,"red",1757,4,719
"1140",-1488,54.94,14.03,2,"red",1757,22,1141
"1141",-1249,44.57,12.29,2,"red",1757,21,1112
"1142",776,41.69,14.37,28,"red",1757,3,1676
"1143",291,53.64,14.46,29,"blue",1757,3,1812
"1144",125,47.04,11.96,2,"green",1757,2,729
"1145",-1962,49.53,12.75,1,"red",1758,1,641
"1146",-327,42.67,11.24,7,"red",1758,0,900
"1147",7,53.76,13.61,16,"green",1758,26,1782
"1148",284,40.88,10.73,25,"red",1758,30,2198
"1149",85,56.34,17.03,37,"blue",1758,27,2613
"1150",603,55.06,15.34,24,"blue",1758,24,1938
"1151",-1048,45.22,11.59,16,"blue",1758,27,1782
"1152",1636,57.33,15.24,3,"blue",1758,35,1411
"1153",-1546,58.98,16.53,7,"red",1758,35,1563
"1154",-1317,48.76,12.41,7,"blue",1758,27,1393
"1155",-1045,37.37,9.94,11,"blue",1758,5,1131
"1156",152,61.63,16.27,4,"blue",1758,1,791
"1157",1093,43.82,13.41,20,"red",1758,22,1714
"1158",867,35.41,9.63,1,"red",1758,8,691
"1159",885,43.81,12.05,4,"red",1758,26,1178
"1160",-1777,47.49,12.17,18,"red",1758,10,1516
"1161",-726,61.04,15.46,29,"red",1758,9,1978
"1162",1230,48,12.5,9,"blue",1759,30,1449
"1163",373,54.98,14.18,2,"red",1759,18,1040
"1164",-998,55.56,16.05,19,"blue",1759,13,1627
"1165",-251,55.09,14.03,4,"blue",1759,8,909
"1166",1002,38.96,9.93,2,"green",1759,38,1349
"1167",-1187,68.33,17.51,3,"red",1759,27,1294
"1168",-1493,62.91,15.92,2,"red",1759,35,1393
"1169",-504,58.83,15.17,4,"red",1759,9,920
"1170",-1417,40.65,11.15,32,"red",1759,12,2124
"1171",-987,59.31,15.39,8,"blue",1759,15,1215
"1172",-1172,44.56,12.09,30,"red",1759,22,2261
"1173",-1050,41.4,12.88,6,"red",1759,18,1193
"1174",697,36.24,9.38,9,"red",1759,37,1611
"1175",1234,54.45,13.75,4,"red",1759,32,1304
"1176",-1017,53.07,14.45,8,"red",1759,16,1223
"1177",461,61.93,15.68,2,"green",1759,25,1172
"1178",-455,39.67,11.46,13,"red",1759,13,1389
"1179",1584,51.69,15.27,2,"red",1760,19,1078
"1180",1452,53.5,16.74,19,"blue",1760,1,1286
"1181",-1512,53.88,13.72,5,"red",1760,25,1291
"1182",-1123,54.96,14.07,0,"red",1760,18,965
"1183",-10,42.25,12.6,21,"blue",1760,9,1607
"1184",-840,40.05,15.22,2,"red",1760,9,850
"1185",-682,44.52,13.72,7,"green",1760,6,1018
"1186",-1614,63.17,17.21,7,"red",1760,34,1579
"1187",917,42.87,12.02,7,"red",1760,25,1253
"1188",-333,59.1,16.95,5,"blue",1760,4,907
"1189",1613,53.59,13.55,8,"red",1760,37,1678
"1190",-1534,40.84,10.47,0,"green",1760,26,1128
"1191",156,48.38,13.38,21,"red",1760,22,1878
"1192",-172,61.5,16.03,21,"green",1760,2,1476
"1193",533,49.85,13.42,2,"green",1760,11,808
"1194",1142,44.8,11.58,4,"red",1760,12,910
"1195",1600,43.48,10.88,34,"red",1760,2,1984
"1196",-1366,56,17.58,3,"blue",1760,1,753
"1197",297,46.75,14.14,8,"red",1760,28,1466
"1198",753,54.6,13.83,5,"red",1760,24,1189
"1199",-1805,54.93,17.02,26,"red",1761,39,2434
"1200",-1250,49.1,12.63,9,"red",1761,22,1416
"1201",957,50.93,16.78,3,"blue",1761,2,658
"1202",1728,51.47,12.95,9,"red",1761,1,995
"1203",716,43.64,11.14,1,"red",1761,23,1016
"1204",244,50.78,13.19,35,"blue",1761,5,2084
"1205",-1537,49.65,13.17,8,"green",1761,17,1285
"1206",-542,40.26,10.44,3,"red",1761,10,906
"1207",1531,68.77,17.99,3,"red",1761,5,848
"1208",-817,55.25,14.12,19,"red",1761,36,2077
"1209",422,39.15,11.13,22,"blue",1761,36,2155
"1210",717,47.09,12.49,13,"blue",1762,29,1558
"1211",898,62.13,16.49,19,"red",1762,17,1584
"1212",-1611,34.55,10.02,17,"red",1762,20,1689
"1213",-1678,41.96,11.52,13,"blue",1762,6,1234
"1214",-1164,49.3,12.95,2,"blue",1762,28,1249
"1215",-862,54.19,16.48,8,"red",1762,22,1370
"1216",1384,48.54,12.78,19,"blue",1762,15,1614
"1217",467,53.43,14.73,7,"red",1762,13,1087
"1218",1493,52.93,14.38,15,"blue",1762,30,1697
"1219",1235,58.58,14.66,19,"red",1762,13,1518
"1220",-1376,49.3,12.5,22,"blue",1762,26,2020
"1221",-1954,46.03,11.52,10,"blue",1762,26,1532
"1222",-1576,43.76,11.42,5,"red",1762,11,1046
"1223",-849,42.56,14.82,2,"red",1762,25,1166
"1224",334,39.3,11.47,6,"black",1762,33,1518
"1225",877,42.6,10.94,14,"blue",1762,5,1147
"1226",-1693,54.7,13.7,13,"red",1762,33,1756
"1227",-567,50.65,14.55,3,"red",1762,31,1348
"1228",-993,56.05,14.04,4,"red",1762,25,1235
"1229",-1079,45.73,15.56,23,"green",1762,3,1571
"1230",1438,44.94,11.86,19,"green",1762,3,1370
"1231",-1444,57.54,14.57,10,"red",1762,12,1226
"1232",-233,52.39,13.94,3,"blue",1762,5,822
"1233",135,39.43,10.6,2,"blue",1763,18,1046
"1234",-1111,55.06,15.06,10,"red",1763,13,1250
"1235",-1835,47.11,12.66,9,"red",1763,6,1076
"1236",-22,40.56,11.44,4,"green",1763,19,1155
"1237",-1828,57.92,16.3,19,"green",1763,26,1866
"1238",-655,56.29,18.66,3,"blue",1763,6,865
"1239",747,60.89,16.9,6,"red",1763,34,1420
"1240",-1567,50.1,12.67,10,"green",1763,17,1343
"1241",-66,59.2,14.81,2,"red",1763,34,1346
"1242",-746,59.27,14.89,12,"red",1763,16,1428
"1243",1072,51.06,13.87,5,"blue",1764,27,1220
"1244",480,43.92,13,5,"red",1764,27,1335
"1245",-404,62.98,17.12,17,"blue",1764,28,1817
"1246",22,44.61,12.53,1,"blue",1764,14,918
"1247",-1,51.14,12.93,4,"red",1764,7,885
"1248",-346,61.53,17.24,10,"red",1764,9,1142
"1249",-642,45.16,12.15,10,"red",1764,16,1309
"1250",1473,56.91,15.95,20,"red",1764,22,1747
"1251",2,54.75,14.36,7,"blue",1764,2,930
"1252",-1145,53.55,13.4,14,"red",1764,1,1154
"1253",415,54.52,15.27,18,"red",1764,33,1990
"1254",-1660,42.23,13.11,19,"red",1764,36,2105
"1255",-404,41.86,11.22,23,"green",1764,24,1984
"1256",-30,45.87,12.2,12,"blue",1764,19,1445
"1257",529,52.5,14.33,15,"red",1764,24,1561
"1258",-1950,51.99,14.18,19,"blue",1764,7,1487
"1259",-1094,36.69,9.83,15,"red",1764,39,2001
"1260",251,42.5,13.1,3,"blue",1764,17,1053
"1261",812,40.01,10.29,2,"red",1765,25,1138
"1262",605,58.88,15.84,19,"green",1765,24,1774
"1263",-1433,32.88,8.54,20,"blue",1765,6,1545
"1264",-1934,45.65,11.5,21,"black",1765,9,1640
"1265",387,56.77,14.59,13,"black",1765,26,1641
"1266",433,58.26,14.99,13,"blue",1765,16,1445
"1267",-407,55.41,14.14,2,"red",1765,13,939
"1268",227,41.1,10.61,10,"blue",1765,36,1721
"1269",452,50.88,13.98,11,"blue",1765,38,1805
"1270",1261,46.21,11.8,2,"red",1765,26,1090
"1271",-1068,61.45,18.02,2,"green",1765,6,837
"1272",-255,45.91,11.96,4,"red",1765,11,965
"1273",623,48.3,13.72,28,"blue",1765,38,2409
"1274",-810,67.2,17.84,1,"blue",1765,20,1029
"1275",534,58.3,16.4,4,"red",1765,4,761
"1276",1001,59.55,15.66,21,"red",1765,25,1866
"1277",-999,39.04,10.19,36,"red",1765,8,2231
"1278",1030,50.29,14.81,26,"blue",1765,33,2212
"1279",29,55.33,14.23,3,"red",1766,32,1386
"1280",870,41.89,11.54,9,"red",1766,39,1617
"1281",1361,51.65,13.69,14,"red",1766,4,1121
"1282",1664,57.61,16.1,6,"green",1766,39,1591
"1283",-901,45.95,11.66,2,"blue",1766,32,1312
"1284",-1768,51.52,13.05,0,"red",1766,21,1029
"1285",1576,56.59,16.93,8,"blue",1766,32,1531
"1286",1442,51.73,13.17,1,"blue",1766,6,646
"1287",1553,42.25,10.77,9,"green",1766,1,971
"1288",-1346,44.87,16.35,9,"red",1766,8,1131
"1289",735,49.47,12.64,0,"green",1766,34,1190
"1290",-278,58.57,15.92,8,"blue",1766,4,999
"1291",669,56.71,14.42,13,"blue",1766,19,1446
"1292",1780,44.66,11.28,5,"red",1766,39,1564
"1293",1068,45.93,12.51,6,"blue",1766,32,1359
"1294",-283,47.79,12.1,11,"blue",1766,21,1436
"1295",-292,45.35,12.26,6,"green",1766,14,1088
"1296",101,56.76,15.86,6,"red",1766,2,847
"1297",-783,46.73,11.74,1,"red",1766,12,898
"1298",1688,57.06,15.28,12,"red",1766,38,1854
"1299",-1551,49.43,12.97,5,"red",1766,34,1510
"1300",-1925,59.73,14.97,1,"blue",1766,11,865
"1301",698,40.73,12.39,37,"red",1767,25,2445
"1302",787,50.3,13.13,8,"red",1767,14,1092
"1303",1749,48.97,13.2,18,"red",1767,14,1620
"1304",1187,52.48,13.85,13,"red",1767,39,1787
"1305",172,55.97,16.67,6,"red",1767,2,926
"1306",500,53.34,14.88,17,"red",1767,18,1530
"1307",-229,50.04,12.99,5,"red",1767,35,1511
"1308",1553,53.61,14.96,1,"red",1767,36,1352
"1309",-1529,39.79,10.17,2,"blue",1767,40,1507
"1310",1099,44.89,11.49,26,"red",1767,10,1769
"1311",905,54.81,13.87,2,"red",1767,20,957
"1312",822,48.83,12.58,1,"blue",1767,8,674
"1313",-575,42.89,13.74,2,"red",1767,8,840
"1314",1182,65.77,16.46,14,"red",1767,33,1727
"1315",1282,53.87,13.69,2,"red",1767,35,1263
"1316",-1421,56.83,14.48,24,"red",1768,33,2220
"1317",452,48.94,12.99,1,"green",1768,1,659
"1318",-503,36.79,9.67,2,"blue",1768,17,1042
"1319",771,48.93,12.73,1,"blue",1768,16,881
"1320",-760,60.69,15.49,7,"green",1768,25,1367
"1321",-1323,54.84,15.4,11,"red",1768,24,1537
"1322",-296,69.53,18.19,25,"blue",1768,3,1692
"1323",426,63.24,16.26,6,"red",1768,9,1013
"1324",-954,42.23,14.07,7,"green",1768,11,1102
"1325",618,71.01,18.08,2,"red",1768,40,1376
"1326",541,45.71,12.44,5,"red",1768,38,1488
"1327",-1350,56.68,14.56,3,"red",1768,10,931
"1328",683,58.31,16.41,4,"blue",1768,26,1180
"1329",-1538,49.73,14.96,0,"red",1768,23,1036
"1330",-1291,51.97,13.19,23,"red",1768,5,1649
"1331",1375,59.13,15.46,8,"red",1768,10,1009
"1332",-1595,45.8,11.83,37,"red",1768,15,2382
"1333",1400,51.15,14.08,11,"red",1768,29,1498
"1334",-1854,51.05,13.41,6,"blue",1768,19,1259
"1335",1591,49.14,14.95,1,"green",1768,4,716
"1336",1297,41.05,10.41,5,"red",1768,14,969
"1337",1282,46.91,12.26,1,"blue",1768,16,832
"1338",1342,51.29,12.97,2,"blue",1769,30,1163
"1339",-599,53.34,16.38,3,"red",1769,19,1140
"1340",-171,49.81,16.02,0,"blue",1769,14,899
"1341",-830,51.8,13.11,0,"red",1769,14,863
"1342",1246,44.73,11.33,8,"red",1769,14,1099
"1343",-1731,49.61,13.82,23,"red",1769,33,2168
"1344",118,41.82,11.48,30,"green",1769,21,2210
"1345",-1992,42.51,11.22,37,"red",1769,26,2571
"1346",-497,50.14,13.47,18,"black",1769,31,1953
"1347",854,55.93,14.16,30,"blue",1769,36,2438
"1348",1149,54.84,15.18,15,"blue",1769,21,1537
"1349",462,49.52,14.7,12,"blue",1769,37,1804
"1350",770,46.37,12.59,6,"blue",1769,20,1138
"1351",-917,41.28,10.42,31,"blue",1769,26,2343
"1352",-621,44.38,12.34,18,"blue",1769,24,1773
"1353",-684,38.67,9.97,31,"red",1769,11,2076
"1354",1028,55.19,13.98,2,"blue",1769,38,1359
"1355",-1857,45.97,11.59,6,"green",1769,26,1376
"1356",-1310,49.09,12.37,7,"green",1769,7,1017
"1357",-1818,56,14.05,21,"blue",1769,15,1748
"1358",-1349,49.64,12.78,7,"red",1769,17,1189
"1359",-322,51,13.52,7,"blue",1769,5,938
"1360",1164,51.51,15.95,8,"blue",1770,21,1248
"1361",-1547,41.07,10.29,1,"red",1770,31,1259
"1362",-771,59.06,16.92,21,"red",1770,24,1921
"1363",-301,47.21,14.52,49,"green",1770,34,3273
"1364",-1034,45.84,13.65,1,"red",1770,25,1135
"1365",-767,52.29,14.41,2,"red",1770,39,1457
"1366",589,52.34,13.63,17,"red",1770,9,1334
"1367",-1675,57.24,14.86,6,"blue",1770,9,1012
"1368",-686,66.6,17.12,1,"red",1770,15,961
"1369",-1348,51.34,12.95,11,"red",1770,19,1404
"1370",-254,44.4,11.85,0,"green",1770,26,1124
"1371",750,51.62,13.31,2,"red",1770,37,1325
"1372",-559,42.67,11.86,2,"red",1770,1,721
"1373",1694,51.73,12.94,7,"red",1770,6,995
"1374",-1268,50.08,14.69,13,"red",1770,19,1505
"1375",-93,48.99,12.38,11,"blue",1770,33,1703
"1376",-219,40.95,10.92,11,"red",1770,23,1488
"1377",218,61.15,15.79,4,"blue",1771,36,1481
"1378",423,42.7,11.13,1,"red",1771,33,1283
"1379",980,44.22,11.83,14,"blue",1771,7,1221
"1380",-533,41.94,10.96,8,"red",1771,13,1181
"1381",-1250,44.54,11.15,3,"blue",1771,23,1157
"1382",186,48.1,12.56,20,"blue",1771,13,1640
"1383",-1506,42.55,13.22,6,"blue",1771,4,876
"1384",-1416,59.34,15.29,5,"red",1771,8,957
"1385",-1042,54.19,14.57,21,"red",1771,25,1902
"1386",507,49.11,12.51,5,"green",1771,5,820
"1387",-1143,62.86,16.28,8,"red",1771,27,1472
"1388",-1765,37.56,9.83,17,"blue",1771,11,1521
"1389",713,49.89,12.82,16,"red",1771,12,1378
"1390",-1383,47.15,13.91,24,"red",1771,12,1797
"1391",1720,47.13,12.07,5,"blue",1771,12,1071
"1392",1443,48.82,12.51,37,"red",1771,16,2309
"1393",1133,54.83,14.62,23,"red",1771,34,2115
"1394",394,51.87,13.02,13,"red",1771,5,1218
"1395",990,59.23,15.47,9,"red",1771,17,1201
"1396",783,49.89,13.15,8,"red",1771,23,1325
"1397",1159,58.69,16.04,4,"blue",1771,33,1329
"1398",956,59.64,15.04,13,"red",1771,32,1662
"1399",1283,59.7,15,6,"red",1771,12,1019
"1400",453,52.77,13.24,9,"green",1771,13,1228
"1401",-451,42.74,12.43,0,"red",1771,35,1276
"1402",-964,48.42,13,1,"green",1772,39,1445
"1403",-843,51.96,13.1,0,"red",1772,40,1393
"1404",987,49.35,12.69,8,"red",1772,7,943
"1405",1538,58.16,14.78,28,"red",1772,14,1992
"1406",-1986,50.78,13.88,5,"blue",1772,5,879
"1407",945,48.94,12.3,10,"blue",1772,36,1632
"1408",-541,45.68,11.53,5,"blue",1772,31,1410
"1409",-1274,60.73,15.66,2,"blue",1772,34,1383
"1410",586,42.76,10.7,5,"red",1772,2,726
"1411",-1277,44.17,11.14,6,"red",1772,13,1096
"1412",1081,44.47,11.59,19,"green",1772,21,1682
"1413",1667,76.04,19.7,9,"red",1772,31,1577
"1414",-90,57.05,15.79,23,"red",1772,30,2108
"1415",568,45.43,11.55,4,"green",1772,11,924
"1416",22,43.14,10.9,7,"blue",1772,33,1538
"1417",-79,48.93,13.29,0,"red",1772,38,1353
"1418",-1167,44.74,12.15,35,"red",1772,32,2606
"1419",1184,44.33,15.46,3,"red",1773,6,708
"1420",205,46.89,13.05,22,"red",1773,39,2292
"1421",730,56.46,14.35,29,"blue",1773,19,2040
"1422",-723,46.28,11.9,1,"red",1773,37,1387
"1423",224,51.5,13.15,10,"blue",1773,17,1359
"1424",640,50.34,12.72,8,"red",1773,7,971
"1425",-1504,47.34,13.55,12,"red",1773,11,1277
"1426",893,55.88,15.53,1,"blue",1773,30,1150
"1427",734,50.07,14.4,40,"blue",1773,4,2155
"1428",1274,42.13,11.06,2,"red",1773,31,1231
"1429",1177,62.62,17.83,5,"blue",1773,11,920
"1430",-106,59.57,15.41,3,"red",1773,1,706
"1431",1301,36.42,10.09,7,"red",1773,1,800
"1432",343,54,15.13,3,"blue",1773,9,883
"1433",-903,48.53,18.42,27,"blue",1773,1,1664
"1434",1795,44.72,11.91,3,"blue",1773,5,833
"1435",1131,36.86,10.36,21,"blue",1773,24,1808
"1436",-1572,44.12,13.16,0,"red",1773,16,943
"1437",1038,45.4,11.96,22,"red",1773,40,2153
"1438",-1378,52.58,13.4,18,"red",1773,35,2028
"1439",-1667,59.06,15.07,15,"blue",1773,40,2015
"1440",1306,56.72,14.84,17,"red",1774,31,1806
"1441",145,45.84,11.77,13,"red",1774,15,1415
"1442",1765,50.11,12.55,1,"red",1774,40,1468
"1443",-1791,53.36,15.43,4,"green",1774,4,843
"1444",1288,47.37,12.4,26,"red",1774,7,1664
"1445",972,48.38,14.55,4,"red",1774,10,846
"1446",615,60.04,15.32,9,"red",1774,33,1521
"1447",-575,45.37,13.19,6,"red",1774,30,1451
"1448",-1570,57.42,14.38,15,"blue",1774,21,1616
"1449",1561,38.18,9.99,13,"red",1774,4,1205
"1450",720,51.01,13.08,2,"blue",1774,21,1008
"1451",978,47.22,12.05,4,"blue",1774,17,987
"1452",-888,59.48,14.89,11,"red",1774,28,1606
"1453",1531,59.6,15.7,14,"blue",1774,36,1914
"1454",-1453,45.04,12.16,2,"green",1774,9,842
"1455",543,49.35,15.33,7,"red",1774,22,1217
"1456",-46,50.55,13.29,6,"red",1774,35,1563
"1457",991,41.51,10.74,7,"red",1774,14,1068
"1458",-376,52.46,13.63,0,"blue",1774,18,953
"1459",-38,52.52,14.63,3,"red",1774,25,1252
"1460",-1535,41.47,10.84,7,"black",1774,3,937
"1461",-888,44.8,11.42,24,"red",1775,24,2021
"1462",1783,48.84,12.33,20,"blue",1775,11,1614
"1463",-34,36.95,11.99,4,"red",1775,29,1320
"1464",-216,42.31,11.27,16,"red",1775,18,1621
"1465",329,53.64,13.76,16,"green",1775,28,1819
"1466",-639,59.06,16.28,16,"green",1775,32,1898
"1467",-1342,64.93,16.99,15,"red",1775,27,1702
"1468",545,62.61,18.67,6,"blue",1775,17,1066
"1469",-1050,53.44,13.41,14,"red",1775,22,1620
"1470",-1717,50.44,12.71,1,"red",1775,19,1037
"1471",1243,39.9,10.5,7,"red",1775,29,1370
"1472",1578,41.79,10.6,4,"green",1775,20,1160
"1473",400,43.48,12.73,4,"green",1775,37,1451
"1474",715,52.53,14.9,18,"blue",1775,28,1797
"1475",388,50.47,13.35,0,"blue",1775,36,1290
"1476",-1554,57.46,14.77,9,"red",1775,38,1717
"1477",-29,45.3,11.56,4,"green",1775,15,1086
"1478",755,55.21,15.67,1,"blue",1775,7,655
"1479",971,42.43,13.9,21,"red",1775,37,2099
"1480",-1007,58,14.82,12,"green",1775,33,1738
"1481",1683,54.49,15.26,20,"red",1775,12,1620
"1482",1076,52.3,13.48,9,"green",1775,3,946
"1483",1157,52.8,13.79,29,"red",1775,31,2248
"1484",-780,53.1,14.71,9,"blue",1775,7,1108
"1485",-1020,52.5,18.3,4,"red",1776,18,1090
"1486",-425,49.17,14.26,10,"green",1776,28,1540
"1487",-841,58.36,15.05,0,"blue",1776,9,809
"1488",-1457,50.9,14.45,25,"blue",1776,20,2001
"1489",-788,50.77,13.11,12,"blue",1776,35,1778
"1490",855,64.5,16.42,4,"red",1776,36,1350
"1491",-775,54.67,15.35,11,"red",1776,16,1337
"1492",1137,44.58,11.29,13,"red",1776,37,1775
"1493",1319,56.83,14.62,45,"red",1776,16,2596
"1494",-923,40.85,14.55,21,"red",1776,28,1996
"1495",-781,53.18,15.13,1,"red",1776,39,1411
"1496",1746,40.59,10.61,7,"green",1776,27,1416
"1497",-844,43,12.42,6,"green",1776,25,1351
"1498",967,51.14,14.98,18,"red",1776,35,1918
"1499",1148,43.8,11.18,9,"red",1776,2,883
"1500",1757,44.31,13.31,11,"red",1776,19,1446
"1501",-1595,49.28,12.59,3,"red",1776,23,1179
"1502",12,54.79,13.84,11,"green",1776,19,1440
"1503",731,40.71,11.16,12,"green",1776,40,1799
"1504",-1034,50.65,12.93,10,"blue",1776,20,1456
"1505",-453,47.78,14.27,10,"red",1777,2,1030
"1506",-1109,56.16,14.33,14,"black",1777,4,1259
"1507",1768,52.9,13.79,10,"red",1777,10,1178
"1508",561,53.15,13.34,0,"red",1777,22,901
"1509",618,47.32,13.04,22,"red",1777,14,1648
"1510",-1508,46.9,13.34,37,"red",1777,7,2216
"1511",-370,47.32,11.85,5,"red",1777,31,1438
"1512",403,48.78,12.45,21,"red",1777,29,2030
"1513",901,60.02,15.96,5,"red",1777,31,1310
"1514",531,57.65,14.67,1,"red",1777,29,1110
"1515",-1806,53.83,13.62,12,"green",1777,1,1135
"1516",1413,59.99,15.58,20,"blue",1777,34,2010
"1517",1511,56.66,14.62,12,"red",1777,40,1860
"1518",1032,58.98,15.07,8,"red",1777,5,909
"1519",480,54.45,15.17,45,"green",1777,36,3131
"1520",1492,45.63,11.65,1,"red",1777,25,1051
"1521",-1649,50.77,12.95,5,"red",1777,15,1108
"1522",-1432,59.44,15.5,2,"red",1777,11,927
"1523",1073,60.48,15.77,11,"blue",1777,6,1063
"1524",1297,51.83,13.16,25,"green",1777,18,1882
"1525",-689,54.63,15.71,11,"red",1778,37,1783
"1526",1381,48.11,12.39,3,"blue",1778,27,1165
"1527",-1356,53.05,13.44,8,"red",1778,37,1672
"1528",769,50.11,12.81,6,"red",1778,37,1514
"1529",646,49.47,12.72,0,"blue",1778,31,1108
"1530",80,39.68,9.92,12,"red",1778,32,1746
"1531",-204,61.3,16.69,5,"red",1778,29,1397
"1532",-68,36.86,9.49,65,"blue",1778,22,3658
"1533",806,49.2,12.89,1,"red",1778,13,819
"1534",-769,46.98,12.7,5,"red",1778,7,968
"1535",516,70.21,18.28,0,"red",1778,30,1140
"1536",-783,54.97,13.97,4,"red",1778,21,1157
"1537",-1159,42.32,13.2,2,"blue",1778,19,1040
"1538",-857,47.58,14.06,3,"red",1778,6,832
"1539",1739,50.74,12.89,6,"red",1778,39,1601
"1540",671,37.68,9.85,14,"red",1778,25,1557
"1541",-1429,56.95,15.98,0,"green",1778,30,1213
"1542",-310,52.41,13.28,8,"blue",1778,9,1104
"1543",-849,39,11.49,2,"blue",1778,23,1166
"1544",791,52.23,14.25,3,"green",1778,11,834
"1545",-1331,54.06,14.1,1,"green",1778,14,880
"1546",-937,55.69,14.73,7,"red",1778,16,1190
"1547",450,43.08,10.87,12,"blue",1778,15,1394
"1548",-1573,49.86,12.49,7,"green",1778,11,1107
"1549",-1267,50.75,14.23,2,"red",1778,0,688
"1550",154,55.53,16.71,9,"blue",1778,22,1383
"1551",-17,53.59,13.82,4,"blue",1778,16,1106
"1552",438,60.6,15.57,4,"red",1778,36,1490
"1553",858,50.82,14.12,1,"red",1778,8,650
"1554",73,49.54,12.72,3,"red",1779,23,1177
"1555",-862,44.39,11.3,9,"red",1779,11,1166
"1556",-539,52.45,13.66,4,"blue",1779,19,1127
"1557",815,69.2,17.81,3,"blue",1779,36,1353
"1558",-115,45.07,11.88,12,"red",1779,30,1659
"1559",378,60.72,16.83,13,"red",1779,32,1794
"1560",-884,50.31,13.47,11,"red",1779,38,1803
"1561",-244,47.48,13.49,4,"red",1779,28,1289
"1562",-1621,48.43,12.48,15,"red",1779,14,1467
"1563",-459,36.69,10.33,2,"green",1779,23,1140
"1564",-515,34.54,9.63,10,"green",1779,29,1596
"1565",1131,52.44,13.73,10,"red",1779,40,1680
"1566",-770,51.88,13.5,17,"blue",1779,13,1550
"1567",506,48.49,13.07,12,"green",1779,20,1345
"1568",-1264,39.19,10.22,1,"red",1779,13,915
"1569",-819,46.71,12.33,9,"green",1779,15,1244
"1570",-1155,54.88,13.95,5,"red",1779,26,1263
"1571",936,39.54,10.37,5,"green",1780,36,1408
"1572",-1547,63.52,16.75,4,"blue",1780,35,1495
"1573",-369,45.68,11.68,19,"blue",1780,32,1963
"1574",-597,57.87,16.03,1,"red",1780,10,829
"1575",-1264,43.37,10.96,2,"red",1780,7,774
"1576",-778,52.57,15.45,7,"red",1780,29,1427
"1577",824,46.41,11.96,32,"blue",1780,6,1902
"1578",1656,51.84,14.18,2,"green",1780,7,823
"1579",-481,53.97,16.58,4,"green",1780,20,1164
"1580",344,43.45,11.8,1,"red",1780,34,1285
"1581",1331,41.91,12.35,9,"green",1780,26,1379
"1582",873,55.72,14.84,0,"blue",1780,4,581
"1583",-1121,50.82,12.72,6,"red",1780,17,1201
"1584",-1623,47.29,17.04,5,"red",1780,14,1105
"1585",1099,60.11,15.16,0,"red",1780,9,709
"1586",-1335,36.33,9.19,3,"red",1780,19,1100
"1587",-314,40.16,11.09,16,"blue",1780,4,1368
"1588",-1434,55.03,15.08,0,"red",1780,23,1036
"1589",762,51.21,14.63,25,"red",1780,14,1772
"1590",957,73.51,18.72,34,"green",1780,24,2351
"1591",219,51.61,13.53,2,"green",1780,27,1242
"1592",-113,41.71,12.19,3,"red",1780,9,927
"1593",10,53.95,13.72,4,"red",1780,21,1203
"1594",-1694,76.28,19.67,10,"red",1781,0,996
"1595",-285,67.3,16.95,0,"blue",1781,20,978
"1596",561,44.87,11.66,5,"red",1781,37,1459
"1597",-817,40.83,11.22,13,"blue",1781,2,1146
"1598",410,47.68,14.09,5,"blue",1781,23,1243
"1599",-546,54.64,13.67,8,"red",1781,2,985
"1600",-812,43.61,11.67,4,"blue",1781,16,1108
"1601",1687,53.09,15.85,3,"red",1781,13,986
"1602",1335,51.39,13.89,1,"green",1781,19,952
"1603",-1798,49.66,14.25,5,"blue",1781,22,1256
"1604",-350,55.05,18.67,3,"blue",1781,11,953
"1605",1188,55.84,14.39,4,"green",1781,8,792
"1606",-739,53.87,16.43,10,"red",1781,24,1484
"1607",-314,41.68,11.08,2,"red",1781,37,1409
"1608",1636,45.59,11.5,30,"blue",1781,1,1808
"1609",-995,56.53,16.63,8,"red",1781,33,1566
"1610",-1907,50.48,13.09,8,"green",1781,38,1656
"1611",1203,52.64,13.69,0,"red",1781,36,1205
"1612",-1927,48.4,12.12,1,"blue",1782,10,813
"1613",1217,46.35,11.93,9,"red",1782,20,1263
"1614",-201,38.98,9.83,23,"red",1782,5,1613
"1615",422,48.79,13.68,16,"red",1782,18,1621
"1616",-709,50.19,12.88,2,"red",1782,7,797
"1617",637,43.02,10.94,4,"red",1782,33,1317
"1618",1226,47.65,12.19,11,"red",1782,7,1078
"1619",71,52.81,18.13,1,"red",1782,29,1203
"1620",-1479,43.66,11.64,9,"red",1782,9,1110
"1621",-1377,58.54,14.97,22,"red",1782,33,2156
"1622",-794,51.99,13.36,9,"red",1782,20,1314
"1623",-981,42.19,10.85,2,"red",1782,3,744
"1624",-1087,52.63,13.98,25,"red",1782,31,2267
"1625",1202,47.32,12.23,10,"green",1782,6,1058
"1626",-860,44.53,11.76,6,"red",1782,24,1352
"1627",92,48.42,12.72,4,"red",1782,25,1278
"1628",1706,55.61,14.2,14,"blue",1782,8,1307
"1629",-583,43.28,12.32,5,"blue",1782,6,918
"1630",-1029,53.04,15.47,6,"blue",1782,5,915
"1631",-317,48.6,13.7,13,"blue",1782,31,1739
"1632",-1658,53.91,13.67,4,"blue",1783,21,1162
"1633",-344,41.67,13.4,10,"red",1783,37,1766
"1634",734,55.93,14.41,20,"red",1783,14,1552
"1635",832,48.09,13.12,2,"red",1783,27,1138
"1636",1390,38.62,9.8,0,"green",1783,33,1182
"1637",992,29.94,7.52,1,"green",1783,17,895
"1638",1561,46.1,11.63,41,"red",1783,17,2593
"1639",-1651,45.19,11.33,10,"blue",1783,9,1177
"1640",-1415,45.92,13.09,3,"red",1783,35,1416
"1641",1713,59.5,17.36,4,"red",1783,33,1375
"1642",795,53.79,13.96,11,"blue",1783,37,1688
"1643",-1859,52.81,14.49,4,"blue",1783,29,1325
"1644",1109,51.46,13.5,7,"blue",1783,12,990
"1645",606,55.69,14.34,15,"red",1783,32,1720
"1646",-1801,57.92,16.56,15,"red",1783,21,1617
"1647",-1759,46.2,11.97,14,"red",1783,25,1657
"1648",1016,44.73,11.64,18,"red",1783,38,1957
"1649",800,36.16,9.2,4,"red",1783,23,1123
"1650",-532,45.47,11.81,0,"blue",1783,36,1313
"1651",-995,47.01,13.47,2,"red",1783,4,749
"1652",27,45.81,11.88,6,"blue",1784,14,1112
"1653",984,58.96,15.2,8,"red",1784,39,1620
"1654",-825,38.15,9.65,12,"red",1784,33,1762
"1655",-1787,43.99,11.51,13,"red",1784,8,1260
"1656",-17,67.76,18.49,1,"blue",1784,18,973
"1657",1199,41.13,11.84,5,"red",1784,13,971
"1658",-1271,42.36,12.29,13,"blue",1784,37,1874
"1659",1531,49.88,12.92,9,"blue",1784,19,1345
"1660",1173,56.56,14.45,29,"green",1784,1,1658
"1661",1352,54.48,13.87,1,"blue",1784,3,604
"1662",-72,51.52,13.19,9,"red",1784,23,1397
"1663",518,44.17,11.26,13,"red",1784,0,1057
"1664",319,52.18,13.5,3,"blue",1784,36,1447
"1665",-1371,42.89,10.83,10,"green",1784,32,1659
"1666",1005,49.22,13.32,4,"red",1784,13,949
"1667",895,52.76,13.27,4,"red",1784,26,1198
"1668",477,48.35,13.03,9,"red",1784,12,1196
"1669",75,49.19,12.54,21,"green",1785,13,1729
"1670",-1480,62.3,17.11,4,"blue",1785,21,1178
"1671",1688,55.88,16.53,14,"blue",1785,30,1805
"1672",-332,40.94,10.99,1,"green",1785,5,780
"1673",-467,53.07,14.44,1,"red",1785,15,959
"1674",-351,44.22,11.4,4,"blue",1785,34,1391
"1675",82,49.32,14.36,21,"red",1785,32,2055
"1676",-826,66.91,17.46,9,"green",1785,28,1547
"1677",1299,48.7,12.27,9,"red",1785,32,1489
"1678",-1210,41.22,10.66,1,"red",1785,15,923
"1679",-498,53.23,14,10,"green",1785,25,1484
"1680",-805,46.51,11.99,37,"black",1785,19,2444
"1681",-560,54.1,14.02,8,"blue",1785,10,1112
"1682",283,61.12,15.55,6,"green",1785,5,929
"1683",-1930,53.72,13.75,4,"red",1785,12,1014
"1684",-66,40.29,10.12,14,"blue",1785,14,1432
"1685",778,44.23,11.61,26,"red",1785,1,1584
"1686",-222,46.72,14.69,1,"blue",1785,33,1322
"1687",807,52.05,13.64,15,"red",1785,10,1292
"1688",1583,45.59,11.64,36,"green",1785,39,2832
"1689",482,60,15.07,5,"green",1785,15,1099
"1690",-183,47.71,14.37,15,"green",1785,15,1483
"1691",-979,48.35,12.66,47,"red",1785,37,3195
"1692",-1717,41.98,10.89,32,"blue",1785,33,2540
"1693",1039,43.67,11.23,14,"red",1785,4,1143
"1694",1384,42.36,10.82,10,"red",1785,12,1132
"1695",-46,43.16,11.13,14,"black",1785,24,1659
"1696",1006,49.7,12.78,51,"green",1785,23,3045
"1697",-287,52.06,15.38,5,"red",1785,0,772
"1698",-171,42.81,11.32,9,"red",1786,34,1630
"1699",1138,42.1,11.06,10,"red",1786,27,1446
"1700",275,46.21,12.77,10,"red",1786,16,1306
"1701",1492,55.7,15.53,12,"red",1786,39,1776
"1702",-328,46.62,13.34,1,"red",1786,30,1241
"1703",758,60.98,16.23,7,"green",1786,1,796
"1704",949,58.33,15.17,0,"red",1786,18,839
"1705",298,39.13,9.87,9,"red",1786,36,1690
"1706",883,42.6,11.04,4,"red",1786,7,824
"1707",-1825,58.97,15.54,25,"red",1786,33,2288
"1708",1431,43.4,10.96,2,"red",1786,12,804
"1709",-1747,46.53,12.58,21,"green",1786,32,2075
"1710",-1314,56.36,14.97,1,"red",1786,32,1277
"1711",-1931,55.61,14.6,0,"red",1786,16,945
"1712",650,39.47,12.11,3,"red",1786,32,1300
"1713",1288,59.01,15.11,5,"blue",1786,33,1337
"1714",1721,43.69,11.21,7,"blue",1786,38,1641
"1715",1206,66.45,17.71,51,"green",1787,14,2838
"1716",-1762,52.87,14.3,10,"blue",1787,0,986
"1717",1521,43.91,11.85,30,"red",1787,33,2450
"1718",766,50.24,12.7,3,"blue",1787,26,1146
"1719",414,46.42,12.6,4,"red",1787,18,1113
"1720",-1103,53.57,14.82,7,"blue",1787,33,1544
"1721",875,61.86,16.03,2,"blue",1787,32,1223
"1722",1788,41,10.41,1,"green",1787,23,1112
"1723",-184,54.48,16.01,15,"red",1787,16,1546
"1724",-719,39.76,11.14,8,"red",1787,2,959
"1725",1322,44.89,11.84,1,"red",1787,22,979
"1726",-1075,40.87,10.26,18,"red",1787,37,2049
"1727",827,42.91,11.04,20,"red",1787,26,1837
"1728",1509,50.58,13.17,8,"blue",1787,8,1083
"1729",-527,31.53,7.92,7,"blue",1787,32,1514
"1730",-231,47.05,13.42,15,"red",1787,13,1467
"1731",-1225,40.45,10.18,26,"blue",1787,36,2361
"1732",1326,45.37,11.76,9,"red",1787,11,1107
"1733",-1914,67.41,17.33,19,"blue",1787,10,1569
"1734",-1981,53.06,15.23,5,"red",1787,23,1246
"1735",-543,40.82,11.13,1,"green",1787,40,1432
"1736",-1844,47.12,13.83,7,"red",1787,17,1240
"1737",-601,59.84,16.02,60,"red",1787,1,3028
"1738",1728,57.94,14.49,9,"green",1787,12,1187
"1739",1390,47.99,12.89,30,"red",1787,25,2224
"1740",231,50.17,12.99,37,"red",1787,21,2476
"1741",1760,55.26,15.08,2,"red",1788,13,976
"1742",-1796,45.37,13.96,20,"green",1788,35,2116
"1743",901,54.97,14.31,0,"red",1788,39,1296
"1744",1599,54.35,13.96,2,"black",1788,20,1104
"1745",-1571,41.09,11.37,63,"red",1788,36,3841
"1746",-1930,48.14,14.94,26,"red",1788,7,1779
"1747",-939,50.76,13.22,7,"blue",1788,23,1319
"1748",-9,44.72,11.35,8,"blue",1788,35,1618
"1749",395,44.31,11.39,10,"red",1788,5,1089
"1750",-1679,57.38,14.95,11,"red",1788,32,1659
"1751",-92,48.63,12.91,13,"red",1788,31,1784
"1752",-1034,44.79,11.67,7,"red",1788,14,1181
"1753",-1732,55.46,14.34,26,"red",1788,6,1739
"1754",-947,52.19,13.54,1,"red",1788,1,662
"1755",-1355,46.71,12.15,2,"red",1788,13,928
"1756",-1976,44.69,12.36,13,"blue",1788,2,1142
"1757",-517,45.43,11.84,10,"green",1788,26,1504
"1758",1262,48.42,12.33,11,"red",1788,13,1207
"1759",-1821,41.92,12.19,9,"blue",1789,21,1391
"1760",1008,50.23,12.63,5,"red",1789,13,957
"1761",207,47.77,12.71,20,"green",1789,3,1445
"1762",-223,53.92,15.19,10,"blue",1789,16,1378
"1763",1230,45.96,12.18,9,"red",1789,25,1320
"1764",84,48.72,13.14,25,"green",1789,32,2207
"1765",-899,38.44,9.81,0,"blue",1789,29,1193
"1766",-1054,46.86,14.91,15,"red",1789,11,1379
"1767",1272,37.66,11.2,3,"blue",1789,9,761
"1768",225,54.92,13.94,4,"red",1789,0,768
"1769",-438,50.16,13.42,7,"red",1789,7,1032
"1770",-1198,52.09,13.04,17,"red",1789,1,1316
"1771",1149,45.75,12.03,15,"red",1789,30,1718
"1772",-1451,35.81,9.11,7,"blue",1789,8,1072
"1773",-1271,50.48,12.91,8,"green",1789,3,968
"1774",-573,57.09,14.39,1,"blue",1789,37,1358
"1775",60,51.77,16.29,3,"green",1789,14,987
"1776",480,48.39,14.15,12,"blue",1789,30,1672
"1777",399,48.64,12.42,1,"green",1789,8,813
"1778",1646,54.54,14.34,24,"green",1789,19,1955
"1779",949,44.17,11.29,16,"blue",1789,27,1704
"1780",-260,47.98,13.14,5,"blue",1790,22,1242
"1781",-595,47.21,12.94,6,"blue",1790,38,1604
"1782",1029,58.33,15.36,0,"blue",1790,2,535
"1783",-47,49.73,13.46,1,"red",1790,29,1239
"1784",561,50.23,12.67,16,"red",1790,2,1157
"1785",-1151,30.31,9,0,"green",1790,3,663
"1786",421,46.54,15.07,15,"green",1790,9,1363
"1787",1074,50.85,13.56,0,"red",1790,24,1005
"1788",1023,66.69,17.31,34,"green",1790,11,2061
"1789",-356,46.47,14.22,11,"blue",1790,19,1410
"1790",-908,53.83,13.93,13,"blue",1790,9,1310
"1791",1274,50.03,14,24,"red",1790,32,2092
"1792",713,56.29,14.89,5,"red",1790,28,1278
"1793",-1818,54.51,14.74,25,"red",1790,35,2333
"1794",1386,49.49,13.99,9,"red",1790,1,881
"1795",-995,58.78,15.04,1,"blue",1790,35,1338
"1796",-1368,57.61,14.46,19,"blue",1790,13,1622
"1797",-1359,43.07,10.99,1,"red",1790,10,810
"1798",1553,51.16,12.9,14,"green",1790,25,1620
"1799",1397,54.26,15.03,14,"blue",1790,38,1843
"1800",-1617,41.56,11.27,9,"red",1790,8,1107
"1801",739,50.14,13.74,5,"red",1791,30,1322
"1802",251,49.8,12.57,1,"red",1791,8,805
"1803",30,53,13.34,1,"red",1791,38,1403
"1804",-387,42.98,12.18,0,"blue",1791,18,969
"1805",-791,52.02,14.24,7,"green",1791,14,1144
"1806",599,45.56,11.47,2,"blue",1791,18,982
"1807",-243,46.1,12.29,13,"red",1791,35,1796
"1808",86,43.83,10.96,4,"red",1791,13,1063
"1809",-229,56.64,15.02,11,"blue",1791,33,1684
"1810",365,37.82,11.87,5,"red",1791,34,1503
"1811",-25,51.7,13.2,14,"red",1791,38,1943
"1812",1599,51.71,14.97,9,"red",1791,40,1743
"1813",-1589,56.01,16.12,4,"blue",1791,15,1089
"1814",-1307,52.4,14.6,2,"blue",1791,20,1047
"1815",1666,33.08,10.41,28,"red",1791,8,1886
"1816",-1744,41.82,12.33,21,"red",1791,30,2048
"1817",682,42.13,11.66,16,"blue",1791,16,1456
"1818",788,49.17,12.64,46,"green",1791,12,2587
"1819",-1031,60.21,15.46,7,"red",1791,40,1669
"1820",-1353,52.87,13.56,2,"blue",1791,21,1086
"1821",-639,59,15.17,8,"red",1791,15,1211
"1822",-1212,56.1,15.74,9,"green",1791,8,1106
"1823",1766,51.51,14.18,1,"red",1791,15,930
"1824",-974,49.06,14.08,5,"red",1792,3,865
"1825",1296,46.1,12.52,19,"red",1792,28,1811
"1826",188,49.36,12.94,7,"green",1792,9,1051
"1827",-73,51.58,13,2,"blue",1792,19,1102
"1828",363,45.7,11.49,2,"blue",1792,9,912
"1829",545,64.37,17.25,21,"green",1792,1,1323
"1830",629,43.75,11.46,19,"blue",1792,17,1623
"1831",968,39.31,10,6,"blue",1792,33,1399
"1832",1117,52.14,14.56,5,"green",1792,15,989
"1833",-1796,51.15,12.85,10,"blue",1792,20,1386
"1834",-720,48.7,13.26,4,"red",1792,17,1090
"1835",600,52.4,13.18,1,"red",1792,15,888
"1836",-219,53.25,16,13,"blue",1792,27,1690
"1837",-283,41.6,11.69,9,"blue",1792,29,1491
"1838",-928,61.52,17.75,1,"blue",1792,9,857
"1839",-1395,53.69,14.89,7,"red",1792,7,997
"1840",-544,50.97,14.26,35,"red",1792,37,2754
"1841",1477,36.99,11.71,15,"red",1792,29,1690
"1842",-633,53.52,14.71,6,"red",1792,38,1633
"1843",710,54.05,14.15,12,"green",1793,3,1029
"1844",202,51.69,13.46,3,"red",1793,1,752
"1845",-1305,60.3,15.68,3,"red",1793,25,1261
"1846",-506,46.28,13.03,25,"blue",1793,16,1903
"1847",-1276,48.36,14.07,13,"red",1793,9,1291
"1848",-1195,44.37,11.19,10,"blue",1793,27,1504
"1849",-484,51.92,14.17,14,"blue",1793,24,1651
"1850",639,40.59,10.28,17,"red",1793,19,1597
"1851",762,55.3,16.48,2,"green",1793,21,1028
"1852",-873,49.45,12.89,21,"red",1793,29,2059
"1853",1296,38.83,11.79,2,"red",1793,6,712
"1854",1455,58.1,14.64,1,"red",1793,8,663
"1855",-795,44.23,13.3,13,"green",1793,15,1385
"1856",848,42.56,10.82,2,"red",1793,5,687
"1857",-229,50.58,13.66,6,"green",1793,35,1546
"1858",-1514,54.05,18.35,26,"green",1793,24,2091
"1859",-1531,48.88,12.7,2,"blue",1793,21,1088
"1860",132,36.94,9.72,0,"blue",1793,8,762
"1861",-266,50.9,13.22,11,"red",1793,37,1794
"1862",-403,46.02,11.82,5,"red",1793,25,1331
"1863",73,53.43,14.35,5,"blue",1793,32,1444
"1864",1655,53.98,14.98,5,"green",1793,33,1445
"1865",481,51.07,12.94,13,"blue",1793,29,1681
"1866",457,55.84,14.49,14,"green",1793,8,1312
"1867",178,48.35,12.86,4,"green",1793,13,1024
"1868",-505,54.31,14.41,5,"red",1793,30,1404
"1869",514,47.04,12.51,7,"red",1793,15,1083
"1870",-1196,46.19,12.76,27,"green",1793,8,1847
"1871",1492,62.21,17.68,3,"blue",1793,19,1011
"1872",351,70.1,18.52,6,"blue",1793,32,1507
"1873",158,48.75,12.62,5,"blue",1794,32,1443
"1874",-632,40.5,10.76,1,"red",1794,8,825
"1875",1127,51.67,13.42,7,"red",1794,31,1411
"1876",-1584,54.54,14.44,5,"green",1794,29,1387
"1877",703,47.39,12.13,13,"blue",1794,7,1158
"1878",126,56.71,17,1,"blue",1794,16,947
"1879",-1555,36.04,9.03,0,"red",1794,39,1373
"1880",-6,47.76,13.28,6,"red",1794,10,1040
"1881",508,56.94,14.9,1,"red",1794,24,1058
"1882",1480,51.05,12.94,20,"red",1794,13,1530
"1883",481,54.48,15.29,5,"red",1794,15,1105
"1884",-1430,55.98,14.62,2,"red",1794,35,1394
"1885",763,43.36,11.11,8,"red",1794,21,1233
"1886",-1100,55.28,13.89,16,"red",1794,37,1979
"1887",-1166,56.55,14.18,7,"blue",1794,29,1458
"1888",-809,37.93,9.7,1,"red",1794,1,628
"1889",1444,53.42,13.79,25,"red",1794,14,1777
"1890",-1474,47.96,13.32,4,"red",1794,22,1197
"1891",742,64.11,16.59,3,"green",1794,19,1003
"1892",-184,53.67,14.89,3,"red",1794,0,725
"1893",-905,43.19,14.3,45,"green",1794,4,2491
"1894",-1076,37.77,11.17,10,"blue",1794,32,1666
"1895",1621,52.16,13.9,10,"red",1794,24,1477
"1896",298,45.32,13.01,4,"blue",1795,22,1227
"1897",-1763,58.27,15.35,1,"black",1795,4,703
"1898",1396,42.75,11.06,22,"red",1795,29,1959
"1899",1473,64.37,18.35,2,"red",1795,19,946
"1900",16,49,12.51,6,"red",1795,10,1036
"1901",334,32.3,8.45,6,"blue",1795,36,1565
"1902",1497,53.24,13.99,5,"red",1795,14,953
"1903",1760,52.2,13.16,20,"red",1795,10,1608
"1904",-931,59.38,15.07,8,"blue",1795,15,1231
"1905",1428,44.13,11.73,24,"red",1795,38,2212
"1906",1279,49.15,12.43,50,"red",1795,13,2754
"1907",-1252,49.81,14.69,1,"blue",1795,17,991
"1908",834,60.52,15.59,19,"black",1795,11,1481
"1909",591,33.23,11.19,12,"red",1795,30,1588
"1910",-863,43.09,12.3,30,"red",1795,31,2397
"1911",-186,42.47,13.34,13,"blue",1795,21,1540
"1912",1797,59.44,15.13,11,"red",1795,17,1397
"1913",568,50.88,15.11,0,"blue",1796,39,1277
"1914",-797,37.6,9.94,76,"red",1796,15,3953
"1915",870,43.51,11.45,24,"green",1796,26,1990
"1916",-823,48.98,12.73,6,"red",1796,27,1368
"1917",1386,37.69,10.22,4,"blue",1796,5,768
"1918",999,46.32,14.73,3,"blue",1796,6,716
"1919",-902,43.12,12.65,2,"red",1796,12,951
"1920",-753,70.52,18.98,29,"red",1796,27,2337
"1921",827,45.91,14.01,6,"blue",1796,37,1480
"1922",-959,59.61,15.01,1,"red",1796,33,1275
"1923",-724,39.95,11.36,2,"blue",1796,33,1368
"1924",440,38.79,9.83,5,"red",1796,2,818
"1925",161,48.69,12.45,5,"red",1796,39,1591
"1926",255,43.44,14.32,10,"blue",1796,5,1108
"1927",-1640,40.13,10.27,7,"blue",1796,22,1336
"1928",108,49.32,12.4,5,"green",1796,7,933
"1929",1539,43.99,12.51,1,"blue",1796,24,1137
"1930",1005,48.89,12.64,12,"blue",1796,8,1157
"1931",-1506,51.28,13.84,12,"green",1797,4,1158
"1932",-263,45.26,11.41,17,"green",1797,20,1714
"1933",1747,47.89,12.32,17,"red",1797,27,1856
"1934",647,62,16.19,6,"blue",1797,12,969
"1935",-252,46.48,11.87,10,"red",1797,7,1142
"1936",-112,56.62,14.24,1,"red",1797,10,846
"1937",769,52.46,13.5,3,"red",1797,28,1155
"1938",1373,57.38,16.55,8,"red",1797,22,1254
"1939",1031,45.89,11.52,12,"blue",1797,6,1097
"1940",-1484,47.08,11.92,3,"blue",1797,31,1339
"1941",1024,59.09,15.43,6,"green",1797,15,1030
"1942",-223,49.13,12.35,8,"red",1797,29,1498
"1943",967,50.92,14.35,13,"blue",1797,21,1444
"1944",145,48.3,14.79,1,"red",1797,22,1040
"1945",-345,52.75,14.38,11,"red",1797,8,1165
"1946",1406,59.21,15.47,25,"blue",1797,3,1555
"1947",-412,56.65,14.97,23,"red",1797,22,1958
"1948",1742,53.08,13.75,30,"green",1797,16,2100
"1949",832,36.14,10.54,7,"blue",1797,2,856
"1950",931,53.29,15.99,25,"blue",1798,35,2211
"1951",79,57.2,15.54,16,"red",1798,18,1598
"1952",-697,48.4,12.22,1,"red",1798,19,1034
"1953",1100,37.11,12.01,15,"green",1798,39,1903
"1954",-1446,39.65,10.67,8,"red",1798,23,1371
"1955",1456,53.21,15.01,28,"red",1798,24,2074
"1956",1565,35.55,9.51,5,"green",1798,14,1087
"1957",-536,49.02,12.26,18,"green",1798,33,1987
"1958",-1412,55.1,13.92,8,"blue",1798,33,1576
"1959",774,55.55,15.07,7,"red",1798,14,1026
"1960",-1336,39.33,11.34,39,"blue",1798,20,2571
"1961",211,59.6,14.99,9,"blue",1798,33,1632
"1962",-224,64.44,16.75,8,"red",1798,27,1452
"1963",1026,51.89,13.15,7,"green",1798,3,829
"1964",702,54.04,16.34,10,"blue",1798,28,1460
"1965",-1634,63.91,17.43,6,"blue",1798,13,1070
"1966",596,43.73,13.45,20,"blue",1798,4,1407
"1967",-602,45.15,11.54,2,"green",1798,6,769
"1968",727,40.47,10.13,15,"green",1798,33,1749
"1969",-466,48.93,14.38,15,"blue",1798,28,1765
"1970",-1719,56.38,14.97,3,"green",1798,20,1084
"1971",-1894,50,13.27,14,"green",1799,2,1226
"1972",744,47.22,13.82,28,"red",1799,12,1835
"1973",157,60.86,15.96,7,"green",1799,27,1409
"1974",-311,58.01,15.73,23,"green",1799,27,2075
"1975",298,48.56,17.62,3,"red",1799,15,1038
"1976",1733,35.03,9.69,19,"red",1799,28,1951
"1977",-86,47.79,12.44,4,"green",1799,31,1398
"1978",1510,53.34,16.17,1,"green",1799,39,1419
"1979",1789,45.13,13.26,6,"red",1799,35,1554
"1980",-159,41.74,10.46,2,"green",1799,14,957
"1981",-1337,71.31,22.24,18,"red",1799,11,1531
"1982",-1421,56.71,14.3,13,"red",1799,11,1317
"1983",-1957,39.34,12.3,5,"red",1799,1,836
"1984",-290,44.75,12.05,12,"blue",1799,21,1493
"1985",-1407,43.02,11.25,1,"red",1799,17,1000
"1986",1599,43.09,11.84,10,"blue",1799,6,1133
"1987",545,41.77,11.1,2,"blue",1799,0,612
"1988",1635,52.59,15.02,13,"red",1799,15,1438
"1989",793,53.77,15.79,2,"green",1799,8,720
"1990",-351,42.21,10.6,17,"red",1799,3,1337
"1991",-1163,44.28,11.71,4,"red",1799,22,1218
"1992",-683,39.01,10.28,4,"blue",1800,35,1438
"1993",-1368,44.99,11.41,14,"blue",1800,7,1326
"1994",-1372,56.15,14.12,32,"blue",1800,25,2346
"1995",-1509,67.19,17.03,4,"red",1800,28,1317
"1996",1232,48.22,12.61,2,"red",1800,6,702
"1997",1468,51.51,13.29,10,"green",1800,39,1702
"1998",-1725,48.53,14.06,7,"green",1800,12,1113
"1999",1003,54,14.5,44,"blue",1800,38,3042
"2000",-1064,49.26,12.45,18,"green",1800,8,1489
