city,date,mean
Łódź,2017-01-01,63.5
Łódź,2017-01-02,49.5
Łódź,2017-01-03,33.5
Łódź,2017-01-04,16.5
Łódź,2017-01-05,20.5
Łódź,2017-01-06,35.5
Łódź,2017-01-07,126
Łódź,2017-01-08,214.5
Łódź,2017-01-09,278
Łódź,2017-01-10,184.5
Łódź,2017-01-11,103
Łódź,2017-01-12,41.5
Łódź,2017-01-13,39.5
Łódź,2017-01-14,37.5
Łódź,2017-01-15,46
Łódź,2017-01-16,64
Łódź,2017-01-17,91
Łódź,2017-01-18,113.5
Łódź,2017-01-19,75
Łódź,2017-01-20,88.5
Łódź,2017-01-21,59.5
Łódź,2017-01-22,54
Łódź,2017-01-23,100
Łódź,2017-01-24,119.5
Łódź,2017-01-25,89.5
Łódź,2017-01-26,108
Łódź,2017-01-27,183.5
Łódź,2017-01-28,191.5
Łódź,2017-01-29,179.5
Łódź,2017-01-30,157
Łódź,2017-01-31,153
Łódź,2017-02-01,167
Łódź,2017-02-02,170.5
Łódź,2017-02-03,56.5
Łódź,2017-02-04,63
Łódź,2017-02-05,62
Łódź,2017-02-06,58
Łódź,2017-02-07,48.5
Łódź,2017-02-08,37
Łódź,2017-02-09,63.5
Łódź,2017-02-10,59.5
Łódź,2017-02-11,54.5
Łódź,2017-02-12,49
Łódź,2017-02-13,61
Łódź,2017-02-14,126
Łódź,2017-02-15,268
Łódź,2017-02-16,223.5
Łódź,2017-02-17,124
Łódź,2017-02-18,57.5
Łódź,2017-02-19,45.5
Łódź,2017-02-20,45
Łódź,2017-02-21,19.5
Łódź,2017-02-22,23
Łódź,2017-02-23,20.5
Łódź,2017-02-24,20.5
Łódź,2017-02-25,30.5
Łódź,2017-02-26,29.5
Łódź,2017-02-27,40
Łódź,2017-02-28,51.5
Łódź,2017-03-01,33
Łódź,2017-03-02,23
Łódź,2017-03-03,36
Łódź,2017-03-04,48.5
Łódź,2017-03-05,71
Łódź,2017-03-06,50.5
Łódź,2017-03-07,65
Łódź,2017-03-08,40
Łódź,2017-03-09,76.5
Łódź,2017-03-10,62
Łódź,2017-03-11,40
Łódź,2017-03-12,29
Łódź,2017-03-13,48.5
Łódź,2017-03-14,91.5
Łódź,2017-03-15,47
Łódź,2017-03-16,51.5
Łódź,2017-03-17,64
Łódź,2017-03-18,21.5
Łódź,2017-03-19,25.5
Łódź,2017-03-20,25
Łódź,2017-03-21,40
Łódź,2017-03-22,34
Łódź,2017-03-23,32
Łódź,2017-03-24,56
Łódź,2017-03-25,64.5
Łódź,2017-03-26,39
Łódź,2017-03-27,44.5
Łódź,2017-03-28,56.5
Łódź,2017-03-29,60
Łódź,2017-03-30,31.5
Łódź,2017-03-31,44.5
Łódź,2017-04-01,41.5
Łódź,2017-04-02,42
Łódź,2017-04-03,51.5
Łódź,2017-04-04,44.5
Łódź,2017-04-05,47.5
Łódź,2017-04-06,19
Łódź,2017-04-07,17
Łódź,2017-04-08,25
Łódź,2017-04-09,47.5
Łódź,2017-04-10,39
Łódź,2017-04-11,25
Łódź,2017-04-12,27.5
Łódź,2017-04-13,15.5
Łódź,2017-04-14,20.5
Łódź,2017-04-15,29
Łódź,2017-04-16,26
Łódź,2017-04-17,25.5
Łódź,2017-04-18,17
Łódź,2017-04-19,14.5
Łódź,2017-04-20,33.5
Łódź,2017-04-21,60
Łódź,2017-04-22,21
Łódź,2017-04-23,17.5
Łódź,2017-04-24,23.5
Łódź,2017-04-25,31.5
Łódź,2017-04-26,23
Łódź,2017-04-27,36
Łódź,2017-04-28,26.5
Łódź,2017-04-29,24.5
Łódź,2017-04-30,23.5
Łódź,2017-05-01,19.5
Łódź,2017-05-02,17.5
Łódź,2017-05-03,22
Łódź,2017-05-04,31
Łódź,2017-05-05,35.5
Łódź,2017-05-06,39.5
Łódź,2017-05-07,28
Łódź,2017-05-08,19
Łódź,2017-05-09,21.5
Łódź,2017-05-10,38.5
Łódź,2017-05-11,38.5
Łódź,2017-05-12,30.5
Łódź,2017-05-13,31.5
Łódź,2017-05-14,33.5
Łódź,2017-05-15,31
Łódź,2017-05-16,33.5
Łódź,2017-05-17,25.5
Łódź,2017-05-18,24.5
Łódź,2017-05-19,26.5
Łódź,2017-05-20,38.5
Łódź,2017-05-21,25.5
Łódź,2017-05-22,37.5
Łódź,2017-05-23,36.5
Łódź,2017-05-24,25
Łódź,2017-05-25,21
Łódź,2017-05-26,22.5
Łódź,2017-05-27,18.5
Łódź,2017-05-28,31
Łódź,2017-05-29,25.5
Łódź,2017-05-30,28
Łódź,2017-05-31,25.5
Łódź,2017-06-01,22.95
Łódź,2017-06-02,29.150000000000002
Łódź,2017-06-03,21.4
Łódź,2017-06-04,20.85
Łódź,2017-06-05,22
Łódź,2017-06-06,20
Łódź,2017-06-07,15.35
Łódź,2017-06-08,22.1
Łódź,2017-06-09,23.25
Łódź,2017-06-10,21.8
Łódź,2017-06-11,19.2
Łódź,2017-06-12,25.75
Łódź,2017-06-13,21.049999999999997
Łódź,2017-06-14,19.95
Łódź,2017-06-15,18.3
Łódź,2017-06-16,18.4
Łódź,2017-06-17,11.45
Łódź,2017-06-18,15.25
Łódź,2017-06-19,25.35
Łódź,2017-06-20,28.6
Łódź,2017-06-21,25.1
Łódź,2017-06-22,30.25
Łódź,2017-06-23,23.75
Łódź,2017-06-24,25.5
Łódź,2017-06-25,18.55
Łódź,2017-06-26,15.6
Łódź,2017-06-27,18.55
Łódź,2017-06-28,17.200000000000003
Łódź,2017-06-29,21.35
Łódź,2017-06-30,14.850000000000001
Łódź,2017-07-01,15.818182
Łódź,2017-07-02,12.5454545
Łódź,2017-07-03,16.272727
Łódź,2017-07-04,17.590909
Łódź,2017-07-05,19.1363635
Łódź,2017-07-06,20.772727
Łódź,2017-07-07,23.8636365
Łódź,2017-07-08,21
Łódź,2017-07-09,19.090909
Łódź,2017-07-10,21.818182
Łódź,2017-07-11,21
Łódź,2017-07-12,23.3181815
Łódź,2017-07-13,13.409091
Łódź,2017-07-14,19.590909500000002
Łódź,2017-07-15,23.1818185
Łódź,2017-07-16,23.045454499999998
Łódź,2017-07-17,20.272727
Łódź,2017-07-18,21.5
Łódź,2017-07-19,27.227272499999998
Łódź,2017-07-20,22.954545500000002
Łódź,2017-07-21,30.818182
Łódź,2017-07-22,24.3181815
Łódź,2017-07-23,21.8636365
Łódź,2017-07-24,25.954545500000002
Łódź,2017-07-25,18.545454499999998
Łódź,2017-07-26,17.090909
Łódź,2017-07-27,16
Łódź,2017-07-28,17.1363635
Łódź,2017-07-29,20.909091
Łódź,2017-07-30,24.227272499999998
Łódź,2017-07-31,24.454545500000002
Łódź,2017-08-01,26.045454499999998
Łódź,2017-08-02,30.4545455
Łódź,2017-08-03,29.227272499999998
Łódź,2017-08-04,28.045454499999998
Łódź,2017-08-05,27.318182
Łódź,2017-08-06,24.772727
Łódź,2017-08-07,20.454545500000002
Łódź,2017-08-08,20.8636365
Łódź,2017-08-09,24
Łódź,2017-08-10,23.409091
Łódź,2017-08-11,27.090909500000002
Łódź,2017-08-12,21.6818185
Łódź,2017-08-13,13.9545455
Łódź,2017-08-14,14.3636365
Łódź,2017-08-15,15.1363635
Łódź,2017-08-16,17.1363635
Łódź,2017-08-17,20.045454499999998
Łódź,2017-08-18,26.681818
Łódź,2017-08-19,24.454545
Łódź,2017-08-20,22.454545
Łódź,2017-08-21,24.681818
Łódź,2017-08-22,15.681818
Łódź,2017-08-23,15.1818185
Łódź,2017-08-24,23.8636365
Łódź,2017-08-25,34.6363635
Łódź,2017-08-26,38.8636365
Łódź,2017-08-27,27.227272499999998
Łódź,2017-08-28,23.6363635
Łódź,2017-08-29,23.909090499999998
Łódź,2017-08-30,29.590909
Łódź,2017-08-31,41.363636
Łódź,2017-09-01,15.590909
Łódź,2017-09-02,9.4090905
Łódź,2017-09-03,13.0909095
Łódź,2017-09-04,10.5
Łódź,2017-09-05,12.3636365
Łódź,2017-09-06,19.6363635
Łódź,2017-09-07,14.0454545
Łódź,2017-09-08,22.5
Łódź,2017-09-09,24.454545500000002
Łódź,2017-09-10,28.090909
Łódź,2017-09-11,23.954545500000002
Łódź,2017-09-12,17.727272499999998
Łódź,2017-09-13,16.545454499999998
Łódź,2017-09-14,11
Łódź,2017-09-15,18.681818
Łódź,2017-09-16,25.181818
Łódź,2017-09-17,22.181818
Łódź,2017-09-18,24.954545500000002
Łódź,2017-09-19,32.1363635
Łódź,2017-09-20,26.090909
Łódź,2017-09-21,25.954545500000002
Łódź,2017-09-22,20.409091
Łódź,2017-09-23,26.454545500000002
Łódź,2017-09-24,27.6363635
Łódź,2017-09-25,18.181818
Łódź,2017-09-26,43.81818199999999
Łódź,2017-09-27,32
Łódź,2017-09-28,30.181818
Łódź,2017-09-29,41.1363635
Łódź,2017-09-30,38.4545455
Łódź,2017-10-01,46.9545455
Łódź,2017-10-02,42.8181815
Łódź,2017-10-03,29.0454545
Łódź,2017-10-04,23.863636
Łódź,2017-10-05,16.772727
Łódź,2017-10-06,16.3181815
Łódź,2017-10-07,21.863636
Łódź,2017-10-08,16.181818
Łódź,2017-10-09,17.6363635
Łódź,2017-10-10,23.590909
Łódź,2017-10-11,26.772727
Łódź,2017-10-12,21.318182
Łódź,2017-10-13,29.590909
Łódź,2017-10-14,39.909091000000004
Łódź,2017-10-15,37.2272725
Łódź,2017-10-16,49.590908999999996
Łódź,2017-10-17,54.227273
Łódź,2017-10-18,61.409091000000004
Łódź,2017-10-19,85.909091
Łódź,2017-10-20,72.6363635
Łódź,2017-10-21,57.6818185
Łódź,2017-10-22,51.55
Łódź,2017-10-23,43.590909499999995
Łódź,2017-10-24,60.2727275
Łódź,2017-10-25,30.681818
Łódź,2017-10-26,31.090909
Łódź,2017-10-27,22.454545
Łódź,2017-10-28,17.636364
Łódź,2017-10-29,11.409091
Łódź,2017-10-30,11.136364
Łódź,2017-10-31,21.681818
Łódź,2017-11-01,28.136364
Łódź,2017-11-02,22.090909
Łódź,2017-11-03,24.954545500000002
Łódź,2017-11-04,34.227273
Łódź,2017-11-05,37.272727
Łódź,2017-11-06,45.954545499999995
Łódź,2017-11-07,43.5
Łódź,2017-11-08,43.090909499999995
Łódź,2017-11-09,69.090909
Łódź,2017-11-10,50.863636
Łódź,2017-11-11,17.727272499999998
Łódź,2017-11-12,28.6363635
Łódź,2017-11-13,41.3181815
Łódź,2017-11-14,34.2727275
Łódź,2017-11-15,52.5
Łódź,2017-11-16,74.5
Łódź,2017-11-17,61.181818
Łódź,2017-11-18,43.6363635
Łódź,2017-11-19,23.772727
Łódź,2017-11-20,23
Łódź,2017-11-21,49.8636365
Łódź,2017-11-22,57.409091000000004
Łódź,2017-11-23,55.7272725
Łódź,2017-11-24,49.5
Łódź,2017-11-25,44.1818185
Łódź,2017-11-26,38.5
Łódź,2017-11-27,51.3636365
Łódź,2017-11-28,45.4545455
Łódź,2017-11-29,51.636364
Łódź,2017-11-30,59
Łódź,2017-12-01,47.1818185
Łódź,2017-12-02,81.81818150000001
Łódź,2017-12-03,78.7727275
Łódź,2017-12-04,37.6363635
Łódź,2017-12-05,26.545454499999998
Łódź,2017-12-06,17.590909
Łódź,2017-12-07,33.6363635
Łódź,2017-12-08,34.5
Łódź,2017-12-09,33.5
Łódź,2017-12-10,20
Łódź,2017-12-11,23.454545500000002
Łódź,2017-12-12,21.681818
Łódź,2017-12-13,39.5
Łódź,2017-12-14,26.8636365
Łódź,2017-12-15,35.909091000000004
Łódź,2017-12-16,50.318182
Łódź,2017-12-17,73.3636365
Łódź,2017-12-18,72.727273
Łódź,2017-12-19,37.818182
Łódź,2017-12-20,59.227273
Łódź,2017-12-21,40.9545455
Łódź,2017-12-22,20.727272499999998
Łódź,2017-12-23,21.272727500000002
Łódź,2017-12-24,13.090909
Łódź,2017-12-25,15.227273
Łódź,2017-12-26,32.863636
Łódź,2017-12-27,42.3636365
Łódź,2017-12-28,32.3636365
Łódź,2017-12-29,35.2272725
Łódź,2017-12-30,50
Łódź,2017-12-31,28.8636365
Katowice,2017-01-01,71.95
Katowice,2017-01-02,70.85
Katowice,2017-01-03,36.8
Katowice,2017-01-04,21.950000000000003
Katowice,2017-01-05,20.85
Katowice,2017-01-06,37.9
Katowice,2017-01-07,160.45
Katowice,2017-01-08,242.05
Katowice,2017-01-09,375.45
Katowice,2017-01-10,249.7
Katowice,2017-01-11,194.55
Katowice,2017-01-12,46.95
Katowice,2017-01-13,29.7
Katowice,2017-01-14,38.1
Katowice,2017-01-15,41.35
Katowice,2017-01-16,80.8
Katowice,2017-01-17,70.35
Katowice,2017-01-18,60.7
Katowice,2017-01-19,108.05
Katowice,2017-01-20,175.9
Katowice,2017-01-21,145.2
Katowice,2017-01-22,130.3
Katowice,2017-01-23,142.3
Katowice,2017-01-24,98.9
Katowice,2017-01-25,104.35
Katowice,2017-01-26,101.3
Katowice,2017-01-27,191.3
Katowice,2017-01-28,187.45
Katowice,2017-01-29,156.35
Katowice,2017-01-30,182.45
Katowice,2017-01-31,194
Katowice,2017-02-01,260.7
Katowice,2017-02-02,154.95
Katowice,2017-02-03,120.80000000000001
Katowice,2017-02-04,54.75
Katowice,2017-02-05,74.05
Katowice,2017-02-06,83.69999999999999
Katowice,2017-02-07,55.55
Katowice,2017-02-08,51.55
Katowice,2017-02-09,57.2
Katowice,2017-02-10,70.35
Katowice,2017-02-11,75.05000000000001
Katowice,2017-02-12,67.95
Katowice,2017-02-13,77.5
Katowice,2017-02-14,214.45
Katowice,2017-02-15,295.15
Katowice,2017-02-16,146.35
Katowice,2017-02-17,101.15
Katowice,2017-02-18,66.25
Katowice,2017-02-19,59.65
Katowice,2017-02-20,44.5
Katowice,2017-02-21,25.6
Katowice,2017-02-22,25.5
Katowice,2017-02-23,20.799999999999997
Katowice,2017-02-24,17.75
Katowice,2017-02-25,35.05
Katowice,2017-02-26,19.7
Katowice,2017-02-27,29.6
Katowice,2017-02-28,44.45
Katowice,2017-03-01,27.950000000000003
Katowice,2017-03-02,27.35
Katowice,2017-03-03,36.9
Katowice,2017-03-04,29.9
Katowice,2017-03-05,23.85
Katowice,2017-03-06,41
Katowice,2017-03-07,54.25
Katowice,2017-03-08,45.400000000000006
Katowice,2017-03-09,65.05
Katowice,2017-03-10,63.8
Katowice,2017-03-11,27.25
Katowice,2017-03-12,35.4
Katowice,2017-03-13,56.4
Katowice,2017-03-14,104.15
Katowice,2017-03-15,79.15
Katowice,2017-03-16,42
Katowice,2017-03-17,63.65
Katowice,2017-03-18,21.65
Katowice,2017-03-19,18.25
Katowice,2017-03-20,34.35
Katowice,2017-03-21,48
Katowice,2017-03-22,37.599999999999994
Katowice,2017-03-23,34
Katowice,2017-03-24,70.5
Katowice,2017-03-25,89
Katowice,2017-03-26,35.849999999999994
Katowice,2017-03-27,80.2
Katowice,2017-03-28,72.95
Katowice,2017-03-29,66
Katowice,2017-03-30,45.1
Katowice,2017-03-31,51.15
Katowice,2017-04-01,33.5
Katowice,2017-04-02,37.8
Katowice,2017-04-03,28.950000000000003
Katowice,2017-04-04,35.2
Katowice,2017-04-05,68.1
Katowice,2017-04-06,24
Katowice,2017-04-07,20.2
Katowice,2017-04-08,22.45
Katowice,2017-04-09,42.25
Katowice,2017-04-10,37.2
Katowice,2017-04-11,22.65
Katowice,2017-04-12,28.4
Katowice,2017-04-13,20.450000000000003
Katowice,2017-04-14,30.05
Katowice,2017-04-15,36.2
Katowice,2017-04-16,20.75
Katowice,2017-04-17,26.25
Katowice,2017-04-18,19.15
Katowice,2017-04-19,19.35
Katowice,2017-04-20,23
Katowice,2017-04-21,47.400000000000006
Katowice,2017-04-22,22.5
Katowice,2017-04-23,19.9
Katowice,2017-04-24,27.700000000000003
Katowice,2017-04-25,38.8
Katowice,2017-04-26,21.25
Katowice,2017-04-27,20.7
Katowice,2017-04-28,23.5
Katowice,2017-04-29,28.5
Katowice,2017-04-30,27.3
Katowice,2017-05-01,19.35
Katowice,2017-05-02,33.95
Katowice,2017-05-03,40.650000000000006
Katowice,2017-05-04,45.85
Katowice,2017-05-05,35.85
Katowice,2017-05-06,36.45
Katowice,2017-05-07,27
Katowice,2017-05-08,20.05
Katowice,2017-05-09,19.4
Katowice,2017-05-10,35.2
Katowice,2017-05-11,38.35
Katowice,2017-05-12,38.3
Katowice,2017-05-13,39.3
Katowice,2017-05-14,35.9
Katowice,2017-05-15,33.7
Katowice,2017-05-16,30.75
Katowice,2017-05-17,27
Katowice,2017-05-18,32
Katowice,2017-05-19,34.5
Katowice,2017-05-20,34.3
Katowice,2017-05-21,21
Katowice,2017-05-22,25.5
Katowice,2017-05-23,43.25
Katowice,2017-05-24,23.200000000000003
Katowice,2017-05-25,20.3
Katowice,2017-05-26,20.75
Katowice,2017-05-27,21.7
Katowice,2017-05-28,24.7
Katowice,2017-05-29,30
Katowice,2017-05-30,31.85
Katowice,2017-05-31,21.1
Katowice,2017-06-01,24.95
Katowice,2017-06-02,25
Katowice,2017-06-03,36.05
Katowice,2017-06-04,32.35
Katowice,2017-06-05,22.25
Katowice,2017-06-06,25.75
Katowice,2017-06-07,19.6
Katowice,2017-06-08,21.9
Katowice,2017-06-09,30.05
Katowice,2017-06-10,20.55
Katowice,2017-06-11,20
Katowice,2017-06-12,23.2
Katowice,2017-06-13,25
Katowice,2017-06-14,20.6
Katowice,2017-06-15,23.75
Katowice,2017-06-16,21.35
Katowice,2017-06-17,19.1
Katowice,2017-06-18,19
Katowice,2017-06-19,25.200000000000003
Katowice,2017-06-20,32.15
Katowice,2017-06-21,18.95
Katowice,2017-06-22,32.5
Katowice,2017-06-23,24.1
Katowice,2017-06-24,27.5
Katowice,2017-06-25,24.799999999999997
Katowice,2017-06-26,21.55
Katowice,2017-06-27,24.3
Katowice,2017-06-28,27.9
Katowice,2017-06-29,NaN
Katowice,2017-06-30,21.15
Katowice,2017-07-01,19.549999999999997
Katowice,2017-07-02,20
Katowice,2017-07-03,19.35
Katowice,2017-07-04,22.6
Katowice,2017-07-05,25.450000000000003
Katowice,2017-07-06,21.450000000000003
Katowice,2017-07-07,26.950000000000003
Katowice,2017-07-08,23.15
Katowice,2017-07-09,22.15
Katowice,2017-07-10,28.450000000000003
Katowice,2017-07-11,19
Katowice,2017-07-12,23.35
Katowice,2017-07-13,18.95
Katowice,2017-07-14,22.700000000000003
Katowice,2017-07-15,18.549999999999997
Katowice,2017-07-16,19.75
Katowice,2017-07-17,25
Katowice,2017-07-18,26.45
Katowice,2017-07-19,35.9
Katowice,2017-07-20,39.2
Katowice,2017-07-21,25.4
Katowice,2017-07-22,25.4
Katowice,2017-07-23,20.8
Katowice,2017-07-24,28.8
Katowice,2017-07-25,20.6
Katowice,2017-07-26,18.5
Katowice,2017-07-27,16.950000000000003
Katowice,2017-07-28,16.75
Katowice,2017-07-29,22.549999999999997
Katowice,2017-07-30,22.2
Katowice,2017-07-31,28.4
Katowice,2017-08-01,34.2
Katowice,2017-08-02,41.75
Katowice,2017-08-03,34.3
Katowice,2017-08-04,29.05
Katowice,2017-08-05,24.85
Katowice,2017-08-06,14.75
Katowice,2017-08-07,16.85
Katowice,2017-08-08,20.25
Katowice,2017-08-09,34.55
Katowice,2017-08-10,45.7
Katowice,2017-08-11,30.45
Katowice,2017-08-12,12.65
Katowice,2017-08-13,13
Katowice,2017-08-14,15.2
Katowice,2017-08-15,14.4
Katowice,2017-08-16,18.4
Katowice,2017-08-17,25.6
Katowice,2017-08-18,28.6
Katowice,2017-08-19,17.9
Katowice,2017-08-20,13.7
Katowice,2017-08-21,15.5
Katowice,2017-08-22,19.25
Katowice,2017-08-23,20.2
Katowice,2017-08-24,27.299999999999997
Katowice,2017-08-25,34.7
Katowice,2017-08-26,36.1
Katowice,2017-08-27,21.299999999999997
Katowice,2017-08-28,18.549999999999997
Katowice,2017-08-29,28.8
Katowice,2017-08-30,29.9
Katowice,2017-08-31,37.05
Katowice,2017-09-01,19.7
Katowice,2017-09-02,17.1
Katowice,2017-09-03,16.05
Katowice,2017-09-04,18
Katowice,2017-09-05,16.6
Katowice,2017-09-06,25
Katowice,2017-09-07,18.95
Katowice,2017-09-08,21.5
Katowice,2017-09-09,26.05
Katowice,2017-09-10,24.700000000000003
Katowice,2017-09-11,28.95
Katowice,2017-09-12,15.7
Katowice,2017-09-13,16.1
Katowice,2017-09-14,15.9
Katowice,2017-09-15,21.5
Katowice,2017-09-16,24.1
Katowice,2017-09-17,17.6
Katowice,2017-09-18,25.7
Katowice,2017-09-19,45.25
Katowice,2017-09-20,19.9
Katowice,2017-09-21,24.4
Katowice,2017-09-22,26.85
Katowice,2017-09-23,22.05
Katowice,2017-09-24,24.95
Katowice,2017-09-25,25.05
Katowice,2017-09-26,35.7
Katowice,2017-09-27,38.2
Katowice,2017-09-28,35.75
Katowice,2017-09-29,57.85
Katowice,2017-09-30,51.5
Katowice,2017-10-01,45.25
Katowice,2017-10-02,48.75
Katowice,2017-10-03,34.95
Katowice,2017-10-04,25.5
Katowice,2017-10-05,23.65
Katowice,2017-10-06,18.7
Katowice,2017-10-07,24.15
Katowice,2017-10-08,20
Katowice,2017-10-09,27.6
Katowice,2017-10-10,27.25
Katowice,2017-10-11,25.75
Katowice,2017-10-12,27.6
Katowice,2017-10-13,36.900000000000006
Katowice,2017-10-14,43.35
Katowice,2017-10-15,33.85
Katowice,2017-10-16,34.85
Katowice,2017-10-17,51.400000000000006
Katowice,2017-10-18,69.8
Katowice,2017-10-19,79.6
Katowice,2017-10-20,89.44999999999999
Katowice,2017-10-21,65.55
Katowice,2017-10-22,47.55
Katowice,2017-10-23,31.6
Katowice,2017-10-24,30.1
Katowice,2017-10-25,38.2
Katowice,2017-10-26,41.15
Katowice,2017-10-27,23.85
Katowice,2017-10-28,18.049999999999997
Katowice,2017-10-29,16.25
Katowice,2017-10-30,19.85
Katowice,2017-10-31,31.25
Katowice,2017-11-01,27.4
Katowice,2017-11-02,29.9
Katowice,2017-11-03,39.5
Katowice,2017-11-04,38.05
Katowice,2017-11-05,30.3
Katowice,2017-11-06,56.3
Katowice,2017-11-07,41.5
Katowice,2017-11-08,39.25
Katowice,2017-11-09,62.5
Katowice,2017-11-10,35.75
Katowice,2017-11-11,20.85
Katowice,2017-11-12,21.45
Katowice,2017-11-13,28.75
Katowice,2017-11-14,53
Katowice,2017-11-15,58.5
Katowice,2017-11-16,79.5
Katowice,2017-11-17,57.849999999999994
Katowice,2017-11-18,37.3
Katowice,2017-11-19,23.75
Katowice,2017-11-20,27
Katowice,2017-11-21,37.4
Katowice,2017-11-22,48.45
Katowice,2017-11-23,53.95
Katowice,2017-11-24,50.15
Katowice,2017-11-25,49.95
Katowice,2017-11-26,41.4
Katowice,2017-11-27,76.25
Katowice,2017-11-28,58.55
Katowice,2017-11-29,72.25
Katowice,2017-11-30,66.35
Katowice,2017-12-01,71.1
Katowice,2017-12-02,126.5
Katowice,2017-12-03,68.05000000000001
Katowice,2017-12-04,35.5
Katowice,2017-12-05,34.9
Katowice,2017-12-06,30.05
Katowice,2017-12-07,32
Katowice,2017-12-08,43.45
Katowice,2017-12-09,46.2
Katowice,2017-12-10,23.65
Katowice,2017-12-11,15.649999999999999
Katowice,2017-12-12,25.950000000000003
Katowice,2017-12-13,55.050000000000004
Katowice,2017-12-14,22.6
Katowice,2017-12-15,46.85
Katowice,2017-12-16,103.55000000000001
Katowice,2017-12-17,98.9
Katowice,2017-12-18,85.15
Katowice,2017-12-19,89.25
Katowice,2017-12-20,89.75
Katowice,2017-12-21,53.7
Katowice,2017-12-22,29.200000000000003
Katowice,2017-12-23,29.4
Katowice,2017-12-24,19.9
Katowice,2017-12-25,24.55
Katowice,2017-12-26,36.95
Katowice,2017-12-27,39.75
Katowice,2017-12-28,27.049999999999997
Katowice,2017-12-29,42.45
Katowice,2017-12-30,43.15
Katowice,2017-12-31,28.549999999999997
Kraków,2017-01-01,142.42
Kraków,2017-01-02,74.65
Kraków,2017-01-03,34.825
Kraków,2017-01-04,12.399999999999999
Kraków,2017-01-05,15.675
Kraków,2017-01-06,28.6
Kraków,2017-01-07,124.34
Kraków,2017-01-08,174.28
Kraków,2017-01-09,166.74
Kraków,2017-01-10,157.46
Kraków,2017-01-11,287.1
Kraków,2017-01-12,43.25
Kraków,2017-01-13,32.5
Kraków,2017-01-14,32.2
Kraków,2017-01-15,41.025000000000006
Kraków,2017-01-16,82.625
Kraków,2017-01-17,86.9
Kraków,2017-01-18,37.7
Kraków,2017-01-19,84.6
Kraków,2017-01-20,153.52
Kraków,2017-01-21,91
Kraków,2017-01-22,66.44
Kraków,2017-01-23,150.44
Kraków,2017-01-24,106.56
Kraków,2017-01-25,162.75
Kraków,2017-01-26,111.16
Kraków,2017-01-27,248.44
Kraków,2017-01-28,250.88
Kraków,2017-01-29,207.96
Kraków,2017-01-30,333.8
Kraków,2017-01-31,207.12
Kraków,2017-02-01,175.106
Kraków,2017-02-02,152.658
Kraków,2017-02-03,159.07166666666666
Kraków,2017-02-04,72.92833333333334
Kraków,2017-02-05,84.402
Kraków,2017-02-06,74.154
Kraków,2017-02-07,39.501666666666665
Kraków,2017-02-08,37.593333333333334
Kraków,2017-02-09,52.39666666666667
Kraków,2017-02-10,59.286
Kraków,2017-02-11,57.63
Kraków,2017-02-12,49.732
Kraków,2017-02-13,56.356
Kraków,2017-02-14,137.208
Kraków,2017-02-15,221.014
Kraków,2017-02-16,163.32166666666666
Kraków,2017-02-17,126.54666666666667
Kraków,2017-02-18,77.37
Kraków,2017-02-19,65.76333333333334
Kraków,2017-02-20,47.49666666666666
Kraków,2017-02-21,13.856666666666667
Kraków,2017-02-22,16.97
Kraków,2017-02-23,16.49
Kraków,2017-02-24,12.136666666666667
Kraków,2017-02-25,30.94333333333333
Kraków,2017-02-26,32.31
Kraków,2017-02-27,43.058
Kraków,2017-02-28,36.975
Kraków,2017-03-01,21.821666666666665
Kraków,2017-03-02,22.113333333333333
Kraków,2017-03-03,49.97666666666667
Kraków,2017-03-04,37.54
Kraków,2017-03-05,19.965
Kraków,2017-03-06,26.75
Kraków,2017-03-07,46.401666666666664
Kraków,2017-03-08,50.87833333333333
Kraków,2017-03-09,63.791666666666664
Kraków,2017-03-10,54.985
Kraków,2017-03-11,31.398333333333333
Kraków,2017-03-12,32.376666666666665
Kraków,2017-03-13,51.005
Kraków,2017-03-14,118.915
Kraków,2017-03-15,83.2
Kraków,2017-03-16,48.285
Kraków,2017-03-17,52.468333333333334
Kraków,2017-03-18,16.715
Kraków,2017-03-19,13.358333333333334
Kraków,2017-03-20,27.761666666666667
Kraków,2017-03-21,55.788333333333334
Kraków,2017-03-22,51.04833333333333
Kraków,2017-03-23,27.575
Kraków,2017-03-24,64.545
Kraków,2017-03-25,58.53666666666667
Kraków,2017-03-26,25.108333333333334
Kraków,2017-03-27,59.81833333333333
Kraków,2017-03-28,67.565
Kraków,2017-03-29,57.26833333333333
Kraków,2017-03-30,49.88666666666667
Kraków,2017-03-31,62.225
Kraków,2017-04-01,49.01833333333333
Kraków,2017-04-02,43.013333333333335
Kraków,2017-04-03,34.53
Kraków,2017-04-04,34.943333333333335
Kraków,2017-04-05,47.03666666666667
Kraków,2017-04-06,18.098333333333333
Kraków,2017-04-07,21.511666666666667
Kraków,2017-04-08,16.96
Kraków,2017-04-09,39.013333333333335
Kraków,2017-04-10,34.596666666666664
Kraków,2017-04-11,22.641666666666666
Kraków,2017-04-12,25.195
Kraków,2017-04-13,17.246666666666666
Kraków,2017-04-14,25.91
Kraków,2017-04-15,33.318333333333335
Kraków,2017-04-16,20.576666666666668
Kraków,2017-04-17,20.113333333333333
Kraków,2017-04-18,13.913333333333334
Kraków,2017-04-19,13.21
Kraków,2017-04-20,17.233333333333334
Kraków,2017-04-21,38.425
Kraków,2017-04-22,20.91
Kraków,2017-04-23,19.145
Kraków,2017-04-24,22.948333333333334
Kraków,2017-04-25,27.24
Kraków,2017-04-26,19.223333333333333
Kraków,2017-04-27,14.530000000000001
Kraków,2017-04-28,15.95
Kraków,2017-04-29,31.828000000000003
Kraków,2017-04-30,34.572
Kraków,2017-05-01,23.706666666666667
Kraków,2017-05-02,25.881666666666668
Kraków,2017-05-03,30.731666666666666
Kraków,2017-05-04,28.613333333333333
Kraków,2017-05-05,24.813333333333333
Kraków,2017-05-06,31.04
Kraków,2017-05-07,28.896
Kraków,2017-05-08,15.661666666666667
Kraków,2017-05-09,13.731666666666666
Kraków,2017-05-10,30.265
Kraków,2017-05-11,33.18333333333334
Kraków,2017-05-12,25.155
Kraków,2017-05-13,32.895
Kraków,2017-05-14,23.866666666666667
Kraków,2017-05-15,28.118333333333332
Kraków,2017-05-16,29.491666666666667
Kraków,2017-05-17,30.6575
Kraków,2017-05-18,31.468333333333334
Kraków,2017-05-19,35.685
Kraków,2017-05-20,38.17
Kraków,2017-05-21,24.418333333333333
Kraków,2017-05-22,23.05
Kraków,2017-05-23,28.009999999999998
Kraków,2017-05-24,20.891666666666666
Kraków,2017-05-25,21.22833333333333
Kraków,2017-05-26,25.54
Kraków,2017-05-27,20.60666666666667
Kraków,2017-05-28,19.991666666666667
Kraków,2017-05-29,24.846666666666668
Kraków,2017-05-30,26.143333333333334
Kraków,2017-05-31,17.831666666666667
Kraków,2017-06-01,20.216666666666665
Kraków,2017-06-02,25.2
Kraków,2017-06-03,25.8
Kraków,2017-06-04,19.78333333333333
Kraków,2017-06-05,16.3
Kraków,2017-06-06,23.95
Kraków,2017-06-07,12.716666666666667
Kraków,2017-06-08,17.56
Kraków,2017-06-09,25.1
Kraków,2017-06-10,20.383333333333333
Kraków,2017-06-11,19.14
Kraków,2017-06-12,21.53333333333333
Kraków,2017-06-13,19.05
Kraków,2017-06-14,17.2
Kraków,2017-06-15,21.580000000000002
Kraków,2017-06-16,22.1
Kraków,2017-06-17,9.483333333333333
Kraków,2017-06-18,15.283333333333333
Kraków,2017-06-19,24.583333333333332
Kraków,2017-06-20,25.46666666666667
Kraków,2017-06-21,21.1
Kraków,2017-06-22,27.583333333333332
Kraków,2017-06-23,23.7
Kraków,2017-06-24,25.21666666666667
Kraków,2017-06-25,24.266666666666666
Kraków,2017-06-26,18.916666666666668
Kraków,2017-06-27,21.55
Kraków,2017-06-28,29.46666666666667
Kraków,2017-06-29,16.883333333333333
Kraków,2017-06-30,12.533333333333333
Kraków,2017-07-01,12.75
Kraków,2017-07-02,9.15
Kraków,2017-07-03,13.958333333333334
Kraków,2017-07-04,20.701666666666668
Kraków,2017-07-05,19.361666666666668
Kraków,2017-07-06,16.451666666666668
Kraków,2017-07-07,22.240000000000002
Kraków,2017-07-08,20.843333333333334
Kraków,2017-07-09,18.226666666666667
Kraków,2017-07-10,22.94333333333333
Kraków,2017-07-11,16.55
Kraków,2017-07-12,17.134999999999998
Kraków,2017-07-13,11.73
Kraków,2017-07-14,18.923333333333336
Kraków,2017-07-15,16.036666666666665
Kraków,2017-07-16,17.758333333333333
Kraków,2017-07-17,19.176
Kraków,2017-07-18,24.286666666666665
Kraków,2017-07-19,29.611666666666668
Kraków,2017-07-20,27.976666666666667
Kraków,2017-07-21,22.093333333333334
Kraków,2017-07-22,20.046666666666667
Kraków,2017-07-23,15.621666666666666
Kraków,2017-07-24,17.821666666666665
Kraków,2017-07-25,15.186
Kraków,2017-07-26,12.721666666666666
Kraków,2017-07-27,12.406666666666666
Kraków,2017-07-28,14.691666666666666
Kraków,2017-07-29,19.743333333333332
Kraków,2017-07-30,19.831666666666667
Kraków,2017-07-31,26.84
Kraków,2017-08-01,30.006666666666668
Kraków,2017-08-02,39.68833333333333
Kraków,2017-08-03,33.9
Kraków,2017-08-04,31.53
Kraków,2017-08-05,25.888333333333335
Kraków,2017-08-06,20.493333333333332
Kraków,2017-08-07,14.828333333333333
Kraków,2017-08-08,17.178
Kraków,2017-08-09,26.79
Kraków,2017-08-10,40.845
Kraków,2017-08-11,35.516666666666666
Kraków,2017-08-12,16.293333333333333
Kraków,2017-08-13,12.964
Kraków,2017-08-14,21.02
Kraków,2017-08-15,15.134
Kraków,2017-08-16,22.306
Kraków,2017-08-17,25.951666666666668
Kraków,2017-08-18,30.323333333333334
Kraków,2017-08-19,19.708333333333332
Kraków,2017-08-20,9.163333333333334
Kraków,2017-08-21,14.513333333333334
Kraków,2017-08-22,16.005
Kraków,2017-08-23,17.79
Kraków,2017-08-24,23.173333333333332
Kraków,2017-08-25,33.45166666666667
Kraków,2017-08-26,37.29
Kraków,2017-08-27,23.88
Kraków,2017-08-28,16.308333333333334
Kraków,2017-08-29,21.316666666666666
Kraków,2017-08-30,26.496666666666666
Kraków,2017-08-31,34.144999999999996
Kraków,2017-09-01,31.28666666666667
Kraków,2017-09-02,8.89
Kraków,2017-09-03,7.27
Kraków,2017-09-04,12.313333333333333
Kraków,2017-09-05,17.74
Kraków,2017-09-06,21.365000000000002
Kraków,2017-09-07,12.795
Kraków,2017-09-08,18.433333333333334
Kraków,2017-09-09,23.518333333333334
Kraków,2017-09-10,23.621666666666666
Kraków,2017-09-11,27.06
Kraków,2017-09-12,11.586666666666666
Kraków,2017-09-13,11.091666666666667
Kraków,2017-09-14,8.866666666666667
Kraków,2017-09-15,12.54
Kraków,2017-09-16,19.801666666666666
Kraków,2017-09-17,17.78
Kraków,2017-09-18,16.05
Kraków,2017-09-19,29.686666666666667
Kraków,2017-09-20,11.195
Kraków,2017-09-21,12.458333333333334
Kraków,2017-09-22,16.85333333333333
Kraków,2017-09-23,18.05
Kraków,2017-09-24,17.646
Kraków,2017-09-25,20.1
Kraków,2017-09-26,31.915
Kraków,2017-09-27,32.985
Kraków,2017-09-28,31.255
Kraków,2017-09-29,51.35333333333333
Kraków,2017-09-30,47.51833333333333
Kraków,2017-10-01,42.596666666666664
Kraków,2017-10-02,48.67166666666667
Kraków,2017-10-03,37.15
Kraków,2017-10-04,19.986666666666668
Kraków,2017-10-05,18.434
Kraków,2017-10-06,16.174
Kraków,2017-10-07,20.706
Kraków,2017-10-08,12.714
Kraków,2017-10-09,22.475
Kraków,2017-10-10,20.953333333333333
Kraków,2017-10-11,19.555
Kraków,2017-10-12,30.018333333333334
Kraków,2017-10-13,29.083333333333332
Kraków,2017-10-14,47.285000000000004
Kraków,2017-10-15,34.60333333333333
Kraków,2017-10-16,47.735
Kraków,2017-10-17,60.02
Kraków,2017-10-18,76.4425
Kraków,2017-10-19,67.574
Kraków,2017-10-20,76.872
Kraków,2017-10-21,62.314
Kraków,2017-10-22,43.878
Kraków,2017-10-23,22.83
Kraków,2017-10-24,18.41166666666667
Kraków,2017-10-25,38.07833333333333
Kraków,2017-10-26,28.871666666666666
Kraków,2017-10-27,21.858333333333334
Kraków,2017-10-28,13.408333333333333
Kraków,2017-10-29,6.906
Kraków,2017-10-30,11.791666666666666
Kraków,2017-10-31,23.845
Kraków,2017-11-01,17.689999999999998
Kraków,2017-11-02,23.2
Kraków,2017-11-03,33.45
Kraków,2017-11-04,43.175
Kraków,2017-11-05,32.541666666666664
Kraków,2017-11-06,51.818333333333335
Kraków,2017-11-07,47.19
Kraków,2017-11-08,34.346666666666664
Kraków,2017-11-09,71.66
Kraków,2017-11-10,31.009999999999998
Kraków,2017-11-11,14.283333333333333
Kraków,2017-11-12,17.173333333333332
Kraków,2017-11-13,25.78
Kraków,2017-11-14,38.20166666666667
Kraków,2017-11-15,82.04833333333333
Kraków,2017-11-16,87.52833333333334
Kraków,2017-11-17,79.50833333333333
Kraków,2017-11-18,48.598333333333336
Kraków,2017-11-19,19.956666666666667
Kraków,2017-11-20,17.583333333333332
Kraków,2017-11-21,32.36833333333333
Kraków,2017-11-22,44.946666666666665
Kraków,2017-11-23,69.28333333333333
Kraków,2017-11-24,102.78833333333333
Kraków,2017-11-25,75.11833333333334
Kraków,2017-11-26,28.825
Kraków,2017-11-27,66.63666666666667
Kraków,2017-11-28,53.11666666666667
Kraków,2017-11-29,83.978
Kraków,2017-11-30,41.746
Kraków,2017-12-01,50.795
Kraków,2017-12-02,93.43666666666667
Kraków,2017-12-03,40.68666666666667
Kraków,2017-12-04,31.061666666666667
Kraków,2017-12-05,23.358333333333334
Kraków,2017-12-06,21.892
Kraków,2017-12-07,42.656666666666666
Kraków,2017-12-08,34.30166666666666
Kraków,2017-12-09,40.94166666666666
Kraków,2017-12-10,18.7
Kraków,2017-12-11,16.536
Kraków,2017-12-12,18.72
Kraków,2017-12-13,44.248333333333335
Kraków,2017-12-14,30.206666666666667
Kraków,2017-12-15,36.73833333333334
Kraków,2017-12-16,73.20166666666667
Kraków,2017-12-17,75.62
Kraków,2017-12-18,74.475
Kraków,2017-12-19,49.25833333333333
Kraków,2017-12-20,74.57166666666666
Kraków,2017-12-21,42.425
Kraków,2017-12-22,25.939999999999998
Kraków,2017-12-23,19.298333333333332
Kraków,2017-12-24,12.53
Kraków,2017-12-25,27.891666666666666
Kraków,2017-12-26,85.23333333333333
Kraków,2017-12-27,61.365
Kraków,2017-12-28,37.38
Kraków,2017-12-29,33.835
Kraków,2017-12-30,41.096666666666664
Kraków,2017-12-31,24.78
Poznań,2017-01-01,43.47
Poznań,2017-01-02,28.16
Poznań,2017-01-03,17.83
Poznań,2017-01-04,10.280000000000001
Poznań,2017-01-05,9.934999999999999
Poznań,2017-01-06,27.16
Poznań,2017-01-07,71.48
Poznań,2017-01-08,93.61
Poznań,2017-01-09,130.15
Poznań,2017-01-10,91.62
Poznań,2017-01-11,53.6
Poznań,2017-01-12,28.92
Poznań,2017-01-13,21.69
Poznań,2017-01-14,37.17
Poznań,2017-01-15,28.33
Poznań,2017-01-16,24.1
Poznań,2017-01-17,28.25
Poznań,2017-01-18,34.155
Poznań,2017-01-19,54.614999999999995
Poznań,2017-01-20,41.315
Poznań,2017-01-21,51.055
Poznań,2017-01-22,63.825
Poznań,2017-01-23,92.22
Poznań,2017-01-24,55.985
Poznań,2017-01-25,43.985
Poznań,2017-01-26,62.95
Poznań,2017-01-27,112.455
Poznań,2017-01-28,121.7
Poznań,2017-01-29,104.115
Poznań,2017-01-30,112.8
Poznań,2017-01-31,70.32
Poznań,2017-02-01,124.22999999999999
Poznań,2017-02-02,136.52999999999997
Poznań,2017-02-03,70.92
Poznań,2017-02-04,61.245000000000005
Poznań,2017-02-05,56.91
Poznań,2017-02-06,39.224999999999994
Poznań,2017-02-07,40.879999999999995
Poznań,2017-02-08,30.564999999999998
Poznań,2017-02-09,50.239999999999995
Poznań,2017-02-10,56.974999999999994
Poznań,2017-02-11,41.385000000000005
Poznań,2017-02-12,41.93
Poznań,2017-02-13,65.265
Poznań,2017-02-14,141.505
Poznań,2017-02-15,201.82
Poznań,2017-02-16,172.77
Poznań,2017-02-17,66.715
Poznań,2017-02-18,29.130000000000003
Poznań,2017-02-19,35.739999999999995
Poznań,2017-02-20,29.75
Poznań,2017-02-21,13.82
Poznań,2017-02-22,15.84
Poznań,2017-02-23,17.22
Poznań,2017-02-24,10.5
Poznań,2017-02-25,21.22
Poznań,2017-02-26,25.22
Poznań,2017-02-27,30.41
Poznań,2017-02-28,37.15
Poznań,2017-03-01,18.81
Poznań,2017-03-02,15.53
Poznań,2017-03-03,25.26
Poznań,2017-03-04,38.2
Poznań,2017-03-05,42.74
Poznań,2017-03-06,47.79
Poznań,2017-03-07,27.535
Poznań,2017-03-08,34.35
Poznań,2017-03-09,49.33
Poznań,2017-03-10,34.44
Poznań,2017-03-11,23.585
Poznań,2017-03-12,26.05
Poznań,2017-03-13,61.16
Poznań,2017-03-14,51.085
Poznań,2017-03-15,41.84
Poznań,2017-03-16,37.95
Poznań,2017-03-17,47.18
Poznań,2017-03-18,13.555
Poznań,2017-03-19,11.915
Poznań,2017-03-20,16.925
Poznań,2017-03-21,18.47
Poznań,2017-03-22,19.315
Poznań,2017-03-23,25.09
Poznań,2017-03-24,24.32
Poznań,2017-03-25,24.72
Poznań,2017-03-26,29.17
Poznań,2017-03-27,37.78
Poznań,2017-03-28,60.39
Poznań,2017-03-29,44.485
Poznań,2017-03-30,35.7
Poznań,2017-03-31,36.3
Poznań,2017-04-01,37.489999999999995
Poznań,2017-04-02,40.46
Poznań,2017-04-03,35.07
Poznań,2017-04-04,41.72
Poznań,2017-04-05,41.93
Poznań,2017-04-06,11.835
Poznań,2017-04-07,8.955
Poznań,2017-04-08,20.4
Poznań,2017-04-09,31.049999999999997
Poznań,2017-04-10,34.095
Poznań,2017-04-11,14.495000000000001
Poznań,2017-04-12,21.71
Poznań,2017-04-13,7.9350000000000005
Poznań,2017-04-14,12.62
Poznań,2017-04-15,21.645
Poznań,2017-04-16,10.785
Poznań,2017-04-17,15.850000000000001
Poznań,2017-04-18,12.74
Poznań,2017-04-19,12.64
Poznań,2017-04-20,16.06
Poznań,2017-04-21,28.57
Poznań,2017-04-22,10.365
Poznań,2017-04-23,9.065
Poznań,2017-04-24,17.384999999999998
Poznań,2017-04-25,20.225
Poznań,2017-04-26,17.46
Poznań,2017-04-27,40.370000000000005
Poznań,2017-04-28,33.92
Poznań,2017-04-29,18.805
Poznań,2017-04-30,12.59
Poznań,2017-05-01,17.23
Poznań,2017-05-02,17.905
Poznań,2017-05-03,21.405
Poznań,2017-05-04,18.12
Poznań,2017-05-05,28.57
Poznań,2017-05-06,24.145000000000003
Poznań,2017-05-07,12.505
Poznań,2017-05-08,10.635
Poznań,2017-05-09,13.55
Poznań,2017-05-10,23.5
Poznań,2017-05-11,20.19
Poznań,2017-05-12,25
Poznań,2017-05-13,28.595
Poznań,2017-05-14,27.725
Poznań,2017-05-15,17.13
Poznań,2017-05-16,18.419999999999998
Poznań,2017-05-17,30.529999999999998
Poznań,2017-05-18,38.39
Poznań,2017-05-19,40.185
Poznań,2017-05-20,24.995
Poznań,2017-05-21,30.330000000000002
Poznań,2017-05-22,23.305
Poznań,2017-05-23,34.97
Poznań,2017-05-24,14.239999999999998
Poznań,2017-05-25,17.525
Poznań,2017-05-26,21.7
Poznań,2017-05-27,24.295
Poznań,2017-05-28,24.035
Poznań,2017-05-29,26.88
Poznań,2017-05-30,23.095
Poznań,2017-05-31,15.705
Poznań,2017-06-01,19.645000000000003
Poznań,2017-06-02,17.52
Poznań,2017-06-03,15.370000000000001
Poznań,2017-06-04,21.345
Poznań,2017-06-05,17.84
Poznań,2017-06-06,17.09
Poznań,2017-06-07,12.615
Poznań,2017-06-08,17.93
Poznań,2017-06-09,20.884999999999998
Poznań,2017-06-10,11.940000000000001
Poznań,2017-06-11,19.98
Poznań,2017-06-12,18.924999999999997
Poznań,2017-06-13,13.13
Poznań,2017-06-14,15.625
Poznań,2017-06-15,15.41
Poznań,2017-06-16,12.27
Poznań,2017-06-17,11.675
Poznań,2017-06-18,13.57
Poznań,2017-06-19,19.54
Poznań,2017-06-20,21.33
Poznań,2017-06-21,16.4
Poznań,2017-06-22,23.705
Poznań,2017-06-23,15.89
Poznań,2017-06-24,16.68
Poznań,2017-06-25,12.535
Poznań,2017-06-26,13.66
Poznań,2017-06-27,17.92
Poznań,2017-06-28,22.17
Poznań,2017-06-29,17.19
Poznań,2017-06-30,9.475
Poznań,2017-07-01,11.14
Poznań,2017-07-02,11.3
Poznań,2017-07-03,12.625
Poznań,2017-07-04,13.18
Poznań,2017-07-05,16.81
Poznań,2017-07-06,16.925
Poznań,2017-07-07,21.35
Poznań,2017-07-08,23.28
Poznań,2017-07-09,15.06
Poznań,2017-07-10,20.62
Poznań,2017-07-11,17.33
Poznań,2017-07-12,20.130000000000003
Poznań,2017-07-13,14.285
Poznań,2017-07-14,21.61
Poznań,2017-07-15,16.395
Poznań,2017-07-16,15.66
Poznań,2017-07-17,14.49
Poznań,2017-07-18,18.04
Poznań,2017-07-19,24.39
Poznań,2017-07-20,25.865000000000002
Poznań,2017-07-21,20.994999999999997
Poznań,2017-07-22,17.505
Poznań,2017-07-23,18.729999999999997
Poznań,2017-07-24,13.370000000000001
Poznań,2017-07-25,11.45
Poznań,2017-07-26,15.575
Poznań,2017-07-27,18.005000000000003
Poznań,2017-07-28,14.565000000000001
Poznań,2017-07-29,19.305
Poznań,2017-07-30,24.865000000000002
Poznań,2017-07-31,23.965
Poznań,2017-08-01,23.08
Poznań,2017-08-02,17.5
Poznań,2017-08-03,21.375
Poznań,2017-08-04,19.515
Poznań,2017-08-05,16.1
Poznań,2017-08-06,11.655000000000001
Poznań,2017-08-07,18.035
Poznań,2017-08-08,17.505
Poznań,2017-08-09,26.35
Poznań,2017-08-10,25.155
Poznań,2017-08-11,16.445
Poznań,2017-08-12,9.05
Poznań,2017-08-13,9.29
Poznań,2017-08-14,14.595
Poznań,2017-08-15,17.009999999999998
Poznań,2017-08-16,21.1
Poznań,2017-08-17,15.64
Poznań,2017-08-18,21.195
Poznań,2017-08-19,12.905000000000001
Poznań,2017-08-20,14.035
Poznań,2017-08-21,9.614999999999998
Poznań,2017-08-22,10.765
Poznań,2017-08-23,12.719999999999999
Poznań,2017-08-24,28.515
Poznań,2017-08-25,24.02
Poznań,2017-08-26,26.634999999999998
Poznań,2017-08-27,20.185000000000002
Poznań,2017-08-28,12.25
Poznań,2017-08-29,24.54
Poznań,2017-08-30,34.36
Poznań,2017-08-31,25.45
Poznań,2017-09-01,8.285
Poznań,2017-09-02,7.695
Poznań,2017-09-03,6.965
Poznań,2017-09-04,9.72
Poznań,2017-09-05,10.335
Poznań,2017-09-06,17.625
Poznań,2017-09-07,9.08
Poznań,2017-09-08,20.91
Poznań,2017-09-09,20.205
Poznań,2017-09-10,12.965
Poznań,2017-09-11,17.49
Poznań,2017-09-12,16.845
Poznań,2017-09-13,11.760000000000002
Poznań,2017-09-14,7.82
Poznań,2017-09-15,14.405000000000001
Poznań,2017-09-16,22.950000000000003
Poznań,2017-09-17,18.674999999999997
Poznań,2017-09-18,21.65
Poznań,2017-09-19,33.69
Poznań,2017-09-20,34.025000000000006
Poznań,2017-09-21,16.355
Poznań,2017-09-22,23.33
Poznań,2017-09-23,17.674999999999997
Poznań,2017-09-24,30.67
Poznań,2017-09-25,19.62
Poznań,2017-09-26,39.595
Poznań,2017-09-27,32.82
Poznań,2017-09-28,30.665
Poznań,2017-09-29,32.644999999999996
Poznań,2017-09-30,44.010000000000005
Poznań,2017-10-01,39.68
Poznań,2017-10-02,34.78
Poznań,2017-10-03,18.625
Poznań,2017-10-04,20.255000000000003
Poznań,2017-10-05,12.02
Poznań,2017-10-06,9.95
Poznań,2017-10-07,12.08
Poznań,2017-10-08,8.775
Poznań,2017-10-09,10.129999999999999
Poznań,2017-10-10,18.07
Poznań,2017-10-11,16.825000000000003
Poznań,2017-10-12,14.11
Poznań,2017-10-13,28.18
Poznań,2017-10-14,24.375
Poznań,2017-10-15,26.799999999999997
Poznań,2017-10-16,57.595
Poznań,2017-10-17,62.595
Poznań,2017-10-18,53.315
Poznań,2017-10-19,53.370000000000005
Poznań,2017-10-20,71.555
Poznań,2017-10-21,41.245000000000005
Poznań,2017-10-22,34.775000000000006
Poznań,2017-10-23,19.655
Poznań,2017-10-24,24.93
Poznań,2017-10-25,16.509999999999998
Poznań,2017-10-26,16.425
Poznań,2017-10-27,11.989999999999998
Poznań,2017-10-28,8.765
Poznań,2017-10-29,6.39
Poznań,2017-10-30,8.57
Poznań,2017-10-31,15.425
Poznań,2017-11-01,17.419999999999998
Poznań,2017-11-02,17.95
Poznań,2017-11-03,16.775
Poznań,2017-11-04,37.265
Poznań,2017-11-05,38.489999999999995
Poznań,2017-11-06,22.185
Poznań,2017-11-07,26.205
Poznań,2017-11-08,33.355
Poznań,2017-11-09,46.55
Poznań,2017-11-10,33.825
Poznań,2017-11-11,12.305
Poznań,2017-11-12,19.905
Poznań,2017-11-13,30.925
Poznań,2017-11-14,26.314999999999998
Poznań,2017-11-15,32.845
Poznań,2017-11-16,47.519999999999996
Poznań,2017-11-17,64.24
Poznań,2017-11-18,37.095
Poznań,2017-11-19,12.440000000000001
Poznań,2017-11-20,14.225
Poznań,2017-11-21,30.085
Poznań,2017-11-22,30.255
Poznań,2017-11-23,38.245
Poznań,2017-11-24,33.615
Poznań,2017-11-25,22.93
Poznań,2017-11-26,22.2
Poznań,2017-11-27,20.32
Poznań,2017-11-28,17.575
Poznań,2017-11-29,69.875
Poznań,2017-11-30,57.41
Poznań,2017-12-01,30.545
Poznań,2017-12-02,42.075
Poznań,2017-12-03,34.3
Poznań,2017-12-04,20.134999999999998
Poznań,2017-12-05,14.04
Poznań,2017-12-06,14.33
Poznań,2017-12-07,18.52
Poznań,2017-12-08,19.595
Poznań,2017-12-09,17.23
Poznań,2017-12-10,15.35
Poznań,2017-12-11,20.865000000000002
Poznań,2017-12-12,17.235
Poznań,2017-12-13,21.605
Poznań,2017-12-14,15.49
Poznań,2017-12-15,40.06
Poznań,2017-12-16,34.81
Poznań,2017-12-17,27.49
Poznań,2017-12-18,56.04
Poznań,2017-12-19,51.32
Poznań,2017-12-20,46.32
Poznań,2017-12-21,25.01
Poznań,2017-12-22,14.19
Poznań,2017-12-23,14.22
Poznań,2017-12-24,8.68
Poznań,2017-12-25,10.06
Poznań,2017-12-26,21.96
Poznań,2017-12-27,36.52
Poznań,2017-12-28,34.27
Poznań,2017-12-29,24.27
Poznań,2017-12-30,26.43
Poznań,2017-12-31,15.1
Warszawa,2017-01-01,43.96333333333333
Warszawa,2017-01-02,39.25
Warszawa,2017-01-03,23.16
Warszawa,2017-01-04,11.186666666666666
Warszawa,2017-01-05,13.546666666666667
Warszawa,2017-01-06,24.31
Warszawa,2017-01-07,61.75333333333333
Warszawa,2017-01-08,113.33999999999999
Warszawa,2017-01-09,129.42666666666668
Warszawa,2017-01-10,90.05
Warszawa,2017-01-11,79.40666666666667
Warszawa,2017-01-12,38.34
Warszawa,2017-01-13,48.08
Warszawa,2017-01-14,27.093333333333334
Warszawa,2017-01-15,41.910000000000004
Warszawa,2017-01-16,59.38666666666666
Warszawa,2017-01-17,99.30333333333333
Warszawa,2017-01-18,102.87333333333333
Warszawa,2017-01-19,56.55
Warszawa,2017-01-20,54.24666666666666
Warszawa,2017-01-21,34.29
Warszawa,2017-01-22,31.45
Warszawa,2017-01-23,71
Warszawa,2017-01-24,101.72666666666667
Warszawa,2017-01-25,40.58
Warszawa,2017-01-26,62.71666666666666
Warszawa,2017-01-27,115.88
Warszawa,2017-01-28,113.82666666666667
Warszawa,2017-01-29,64.59333333333333
Warszawa,2017-01-30,64.83333333333334
Warszawa,2017-01-31,71.90666666666667
Warszawa,2017-02-01,77.96333333333334
Warszawa,2017-02-02,92.29
Warszawa,2017-02-03,91.32333333333334
Warszawa,2017-02-04,40.28
Warszawa,2017-02-05,32.47666666666667
Warszawa,2017-02-06,38.28666666666667
Warszawa,2017-02-07,23.766666666666666
Warszawa,2017-02-08,19.23
Warszawa,2017-02-09,30.363333333333333
Warszawa,2017-02-10,36.22666666666667
Warszawa,2017-02-11,25.823333333333334
Warszawa,2017-02-12,24.856666666666666
Warszawa,2017-02-13,58.18333333333334
Warszawa,2017-02-14,104.81333333333333
Warszawa,2017-02-15,121.01666666666667
Warszawa,2017-02-16,151.8
Warszawa,2017-02-17,103.17666666666666
Warszawa,2017-02-18,49.413333333333334
Warszawa,2017-02-19,34.833333333333336
Warszawa,2017-02-20,39.553333333333335
Warszawa,2017-02-21,15.903333333333334
Warszawa,2017-02-22,19.233333333333334
Warszawa,2017-02-23,18.263333333333332
Warszawa,2017-02-24,11.49
Warszawa,2017-02-25,22.736666666666668
Warszawa,2017-02-26,24.25
Warszawa,2017-02-27,36.52666666666667
Warszawa,2017-02-28,70.75333333333333
Warszawa,2017-03-01,36.163333333333334
Warszawa,2017-03-02,26.125
Warszawa,2017-03-03,33.263333333333335
Warszawa,2017-03-04,38.4
Warszawa,2017-03-05,41.42666666666667
Warszawa,2017-03-06,25.88
Warszawa,2017-03-07,40.763333333333335
Warszawa,2017-03-08,46.57
Warszawa,2017-03-09,61.50333333333334
Warszawa,2017-03-10,90.89666666666668
Warszawa,2017-03-11,36.77
Warszawa,2017-03-12,22.19666666666667
Warszawa,2017-03-13,38.22
Warszawa,2017-03-14,67.73333333333333
Warszawa,2017-03-15,48.56333333333333
Warszawa,2017-03-16,42.02666666666667
Warszawa,2017-03-17,46.08
Warszawa,2017-03-18,21.106666666666666
Warszawa,2017-03-19,18.686666666666667
Warszawa,2017-03-20,33.56333333333333
Warszawa,2017-03-21,39.61333333333333
Warszawa,2017-03-22,31.04
Warszawa,2017-03-23,28.123333333333335
Warszawa,2017-03-24,37.193333333333335
Warszawa,2017-03-25,54.24666666666667
Warszawa,2017-03-26,24.013333333333335
Warszawa,2017-03-27,41.49
Warszawa,2017-03-28,72.09333333333333
Warszawa,2017-03-29,53.949999999999996
Warszawa,2017-03-30,32.96
Warszawa,2017-03-31,53.46333333333334
Warszawa,2017-04-01,47.77666666666667
Warszawa,2017-04-02,46.20333333333333
Warszawa,2017-04-03,46.14666666666667
Warszawa,2017-04-04,23.526666666666667
Warszawa,2017-04-05,57.9
Warszawa,2017-04-06,16.746666666666666
Warszawa,2017-04-07,29.99
Warszawa,2017-04-08,29.206666666666667
Warszawa,2017-04-09,38.03666666666667
Warszawa,2017-04-10,38.516666666666666
Warszawa,2017-04-11,29.936666666666667
Warszawa,2017-04-12,27.753333333333334
Warszawa,2017-04-13,16.330000000000002
Warszawa,2017-04-14,15.54
Warszawa,2017-04-15,26.06
Warszawa,2017-04-16,11.73
Warszawa,2017-04-17,11.969999999999999
Warszawa,2017-04-18,11.666666666666666
Warszawa,2017-04-19,16.566666666666666
Warszawa,2017-04-20,23.946666666666665
Warszawa,2017-04-21,44.74666666666667
Warszawa,2017-04-22,19.956666666666667
Warszawa,2017-04-23,15.176666666666668
Warszawa,2017-04-24,22.496666666666666
Warszawa,2017-04-25,33.13666666666667
Warszawa,2017-04-26,19.349999999999998
Warszawa,2017-04-27,27.933333333333334
Warszawa,2017-04-28,20.56
Warszawa,2017-04-29,21.226666666666667
Warszawa,2017-04-30,17.233333333333334
Warszawa,2017-05-01,11.063333333333333
Warszawa,2017-05-02,12.333333333333334
Warszawa,2017-05-03,15.780000000000001
Warszawa,2017-05-04,18.080000000000002
Warszawa,2017-05-05,25.21666666666667
Warszawa,2017-05-06,34.28666666666667
Warszawa,2017-05-07,31.87
Warszawa,2017-05-08,22.546666666666667
Warszawa,2017-05-09,17.656666666666666
Warszawa,2017-05-10,26.85
Warszawa,2017-05-11,20.923333333333332
Warszawa,2017-05-12,24.91
Warszawa,2017-05-13,26.96666666666667
Warszawa,2017-05-14,29.87333333333333
Warszawa,2017-05-15,35.74
Warszawa,2017-05-16,24.490000000000002
Warszawa,2017-05-17,28.903333333333332
Warszawa,2017-05-18,30.53666666666667
Warszawa,2017-05-19,31.686666666666667
Warszawa,2017-05-20,35.25333333333333
Warszawa,2017-05-21,31.203333333333333
Warszawa,2017-05-22,26.546666666666667
Warszawa,2017-05-23,35.556666666666665
Warszawa,2017-05-24,30.72
Warszawa,2017-05-25,22.85333333333333
Warszawa,2017-05-26,21.855
Warszawa,2017-05-27,14.690000000000001
Warszawa,2017-05-28,18.32
Warszawa,2017-05-29,27.119999999999997
Warszawa,2017-05-30,21.675
Warszawa,2017-05-31,27.935
Warszawa,2017-06-01,21.585
Warszawa,2017-06-02,20.315
Warszawa,2017-06-03,13.24
Warszawa,2017-06-04,19.955
Warszawa,2017-06-05,17.685000000000002
Warszawa,2017-06-06,25.66
Warszawa,2017-06-07,18.955
Warszawa,2017-06-08,21.585
Warszawa,2017-06-09,33.56333333333333
Warszawa,2017-06-10,26.30333333333333
Warszawa,2017-06-11,20.076666666666668
Warszawa,2017-06-12,29.086666666666666
Warszawa,2017-06-13,20.743333333333332
Warszawa,2017-06-14,18.44333333333333
Warszawa,2017-06-15,17.05
Warszawa,2017-06-16,22.193333333333335
Warszawa,2017-06-17,17.836666666666666
Warszawa,2017-06-18,17.776666666666667
Warszawa,2017-06-19,23.703333333333333
Warszawa,2017-06-20,28.843333333333334
Warszawa,2017-06-21,23.16
Warszawa,2017-06-22,32.195
Warszawa,2017-06-23,24.305
Warszawa,2017-06-24,20.225
Warszawa,2017-06-25,19.950000000000003
Warszawa,2017-06-26,19.224999999999998
Warszawa,2017-06-27,27.57
Warszawa,2017-06-28,20.405
Warszawa,2017-06-29,24.395
Warszawa,2017-06-30,18.876666666666665
Warszawa,2017-07-01,18.50333333333333
Warszawa,2017-07-02,15.600000000000001
Warszawa,2017-07-03,20.8
Warszawa,2017-07-04,20.37666666666667
Warszawa,2017-07-05,22.436666666666664
Warszawa,2017-07-06,28.423333333333332
Warszawa,2017-07-07,29.873333333333335
Warszawa,2017-07-08,21.773333333333333
Warszawa,2017-07-09,20.740000000000002
Warszawa,2017-07-10,28.44
Warszawa,2017-07-11,24.673333333333332
Warszawa,2017-07-12,25.756666666666668
Warszawa,2017-07-13,18.96
Warszawa,2017-07-14,19.953333333333333
Warszawa,2017-07-15,20.196666666666665
Warszawa,2017-07-16,18.806666666666665
Warszawa,2017-07-17,23.04
Warszawa,2017-07-18,27.816666666666666
Warszawa,2017-07-19,33.016666666666666
Warszawa,2017-07-20,31.626666666666665
Warszawa,2017-07-21,39.126666666666665
Warszawa,2017-07-22,24.913333333333334
Warszawa,2017-07-23,20.983333333333334
Warszawa,2017-07-24,25.276666666666667
Warszawa,2017-07-25,18.93
Warszawa,2017-07-26,21.893333333333334
Warszawa,2017-07-27,22.416666666666668
Warszawa,2017-07-28,20.076666666666668
Warszawa,2017-07-29,26.246666666666666
Warszawa,2017-07-30,23.34
Warszawa,2017-07-31,32.95
Warszawa,2017-08-01,32.653333333333336
Warszawa,2017-08-02,35.556666666666665
Warszawa,2017-08-03,33.38
Warszawa,2017-08-04,31.62666666666667
Warszawa,2017-08-05,30.116666666666667
Warszawa,2017-08-06,21.526666666666667
Warszawa,2017-08-07,27.39
Warszawa,2017-08-08,26.786666666666665
Warszawa,2017-08-09,29.990000000000002
Warszawa,2017-08-10,30.356666666666666
Warszawa,2017-08-11,38.58
Warszawa,2017-08-12,24.733333333333334
Warszawa,2017-08-13,16.143333333333334
Warszawa,2017-08-14,18.41
Warszawa,2017-08-15,15.780000000000001
Warszawa,2017-08-16,28.24
Warszawa,2017-08-17,27.150000000000002
Warszawa,2017-08-18,35.55333333333333
Warszawa,2017-08-19,26.726666666666667
Warszawa,2017-08-20,21.223333333333333
Warszawa,2017-08-21,21.283333333333335
Warszawa,2017-08-22,16.086666666666666
Warszawa,2017-08-23,18.683333333333334
Warszawa,2017-08-24,26.666666666666668
Warszawa,2017-08-25,37.49
Warszawa,2017-08-26,27.936666666666667
Warszawa,2017-08-27,23.706666666666667
Warszawa,2017-08-28,19.29
Warszawa,2017-08-29,26.543333333333333
Warszawa,2017-08-30,29.26666666666667
Warszawa,2017-08-31,41.35666666666667
Warszawa,2017-09-01,24.189999999999998
Warszawa,2017-09-02,11.003333333333334
Warszawa,2017-09-03,14.873333333333333
Warszawa,2017-09-04,15.239999999999998
Warszawa,2017-09-05,16.57
Warszawa,2017-09-06,17.62
Warszawa,2017-09-07,13.063333333333333
Warszawa,2017-09-08,25.52
Warszawa,2017-09-09,24.186666666666667
Warszawa,2017-09-10,27.15
Warszawa,2017-09-11,35.91666666666667
Warszawa,2017-09-12,21.650000000000002
Warszawa,2017-09-13,20.623333333333335
Warszawa,2017-09-14,15.18
Warszawa,2017-09-15,19.11
Warszawa,2017-09-16,25.456666666666667
Warszawa,2017-09-17,28.843333333333334
Warszawa,2017-09-18,18.626666666666665
Warszawa,2017-09-19,37.18666666666667
Warszawa,2017-09-20,20.12
Warszawa,2017-09-21,19.59
Warszawa,2017-09-22,21.163333333333334
Warszawa,2017-09-23,29.866666666666667
Warszawa,2017-09-24,30.956666666666667
Warszawa,2017-09-25,28.903333333333332
Warszawa,2017-09-26,51.76
Warszawa,2017-09-27,36.160000000000004
Warszawa,2017-09-28,28.356666666666666
Warszawa,2017-09-29,34.343333333333334
Warszawa,2017-09-30,33.8
Warszawa,2017-10-01,33.736666666666665
Warszawa,2017-10-02,43.53666666666667
Warszawa,2017-10-03,34.22
Warszawa,2017-10-04,24.246666666666666
Warszawa,2017-10-05,14.633333333333333
Warszawa,2017-10-06,17.233333333333334
Warszawa,2017-10-07,22.553333333333335
Warszawa,2017-10-08,15.843333333333334
Warszawa,2017-10-09,16.506666666666668
Warszawa,2017-10-10,25.276666666666667
Warszawa,2017-10-11,22.13
Warszawa,2017-10-12,20.863333333333333
Warszawa,2017-10-13,25.03333333333333
Warszawa,2017-10-14,33.62
Warszawa,2017-10-15,23.276666666666667
Warszawa,2017-10-16,41.18666666666667
Warszawa,2017-10-17,60.10666666666667
Warszawa,2017-10-18,84.11666666666666
Warszawa,2017-10-19,52.42666666666667
Warszawa,2017-10-20,54.483333333333334
Warszawa,2017-10-21,48.49333333333333
Warszawa,2017-10-22,23.643333333333334
Warszawa,2017-10-23,20.803333333333335
Warszawa,2017-10-24,32.77333333333333
Warszawa,2017-10-25,27.753333333333334
Warszawa,2017-10-26,20.803333333333335
Warszawa,2017-10-27,22.376666666666665
Warszawa,2017-10-28,11.49
Warszawa,2017-10-29,6.166666666666666
Warszawa,2017-10-30,11.066666666666666
Warszawa,2017-10-31,22.796666666666667
Warszawa,2017-11-01,23.943333333333335
Warszawa,2017-11-02,15.78
Warszawa,2017-11-03,25.39333333333333
Warszawa,2017-11-04,32.10666666666667
Warszawa,2017-11-05,27.753333333333334
Warszawa,2017-11-06,51.27333333333333
Warszawa,2017-11-07,34.88666666666667
Warszawa,2017-11-08,32.75
Warszawa,2017-11-09,49.83
Warszawa,2017-11-10,47.586666666666666
Warszawa,2017-11-11,12.82
Warszawa,2017-11-12,19.59
Warszawa,2017-11-13,25.21333333333333
Warszawa,2017-11-14,28.36
Warszawa,2017-11-15,44.443333333333335
Warszawa,2017-11-16,72.38333333333333
Warszawa,2017-11-17,58.95666666666666
Warszawa,2017-11-18,34.769999999999996
Warszawa,2017-11-19,18.383333333333333
Warszawa,2017-11-20,14.936666666666667
Warszawa,2017-11-21,43.29666666666667
Warszawa,2017-11-22,47.10666666666667
Warszawa,2017-11-23,33.105000000000004
Warszawa,2017-11-24,46.435
Warszawa,2017-11-25,36.55
Warszawa,2017-11-26,18.685000000000002
Warszawa,2017-11-27,40
Warszawa,2017-11-28,36.915
Warszawa,2017-11-29,44.085
Warszawa,2017-11-30,42.894999999999996
Warszawa,2017-12-01,29.295
Warszawa,2017-12-02,39.635000000000005
Warszawa,2017-12-03,62.58
Warszawa,2017-12-04,29.025
Warszawa,2017-12-05,22.125
Warszawa,2017-12-06,9.61
Warszawa,2017-12-07,25.305
Warszawa,2017-12-08,33.68
Warszawa,2017-12-09,39.49
Warszawa,2017-12-10,24.61
Warszawa,2017-12-11,18.743333333333332
Warszawa,2017-12-12,22.493333333333332
Warszawa,2017-12-13,36.946666666666665
Warszawa,2017-12-14,26.243333333333332
Warszawa,2017-12-15,34.379999999999995
Warszawa,2017-12-16,47.70666666666666
Warszawa,2017-12-17,63.916666666666664
Warszawa,2017-12-18,71.65333333333334
Warszawa,2017-12-19,44.443333333333335
Warszawa,2017-12-20,48.733333333333334
Warszawa,2017-12-21,38.21666666666667
Warszawa,2017-12-22,21.71
Warszawa,2017-12-23,15.903333333333332
Warszawa,2017-12-24,7.496666666666667
Warszawa,2017-12-25,10.946666666666667
Warszawa,2017-12-26,30.293333333333333
Warszawa,2017-12-27,38.47
Warszawa,2017-12-28,28.72
Warszawa,2017-12-29,29.813333333333333
Warszawa,2017-12-30,48.67666666666667
Warszawa,2017-12-31,23.763333333333332
