x,y,r
6.519291176096191,4.915031301119153,0.546178343002471
5.110752982703646,1.9037976542922475,0.47594941357306186
7.119777312739448,1.9898540601175796,0.38372929540475365
4.006742542153382,12.700374423564071,0.2017044945671939
1.8151629225776544,1.1813682958269056,0.2953420739567264
8.599275033759653,4.59189097971972,0.2452056718993735
2.4408871368250873,2.1955601064845376,0.2240860128219773
4.061382084367077,10.319029734726756,0.359346760723219
1.7202718218325264,6.834936477388702,0.01119321553507134
1.6345727316923997,0.6172752782004376,0.29695324898522246
4.750326880221262,2.4932981688436318,0.21500487725013628
4.378185932705029,8.00961372507896,0.49292435561430104
2.829173254356774,10.127215149474953,0.28849075817065756
6.531910565116491,9.825386884405638,0.24538365146309693
2.7022224122402303,1.9572087456942455,0.12961936933511206
6.002630120193215,2.7122249557228595,0.1819486375245468
3.9798345025199167,15.531801274645332,0.09399146435310636
3.593883532417317,5.284436502483903,0.5512287613189315
3.0333883077742376,4.331405310837038,0.13860094869428574
5.598770323635918,3.9002386450374438,0.20597938919963635
1.4564853624146223,1.6488874525256292,0.2939148768251809
4.011518783931429,10.704110206020964,0.02894863984509144
1.5324820132553851,2.762556003526404,0.20417692118854514
9.274708371352606,0.09144608617060124,0.09144608617060124
4.470450807988724,10.554125581898505,0.11246599663169415
2.1479249890252827,5.795411668855803,0.16954988188220563
2.809804247259998,1.4097400349822276,0.4283195524429798
3.226445497137347,9.678705462605826,0.3106637912565737
5.629117093877905,1.3352630853880298,0.29342234818622204
5.716104378777251,2.3525078987584713,0.2775697940236661
3.6334186787250076,13.464627789075568,0.2592819643480063
3.9450153037536175,6.544338779042002,0.18917209679313385
8.160367860899507,0.968050877081712,0.242012719270428
3.043919404167361,7.8497102267867325,0.21272243261596208
3.367594497267504,11.607450179169213,0.4518263607718582
8.021056701789092,1.8777276767986129,0.13112450589660465
8.57809146164031,5.669166503395213,0.004479063046263988
3.9886943102666117,1.6101466168255762,0.17097456179953321
5.386537493108686,3.8682642040409077,0.008648519588204617
5.453605813865404,9.811026797601016,0.20825417855016276
1.0605899735084934,0.3719793856235687,0.32724726495840406
1.561297976448942,4.221187614875166,0.4908931457746481
6.277327507227022,0.05278035625711386,0.05278035625711386
5.177326607611543,5.524904773297925,0.23196716398875436
2.528909576893237,9.884805832957353,0.05598509850957663
2.4617740452613237,8.342396693743597,0.36494323064456713
7.025334686791932,7.225389841645127,0.28335870066917496
5.600719967568795,16.79488363739336,0.19457092909456594
5.532314178497262,5.509170138675072,0.12336895042977444
7.97184165249878,5.2819174731896705,0.1716373635462682
7.734765980297688,6.565698350257383,0.1512960105271415
2.6589346308330217,8.029809263728795,0.004628410456631427
0.9023556026832347,3.011442094235006,0.14503152982125025
5.21697328660154,1.1904577594454069,0.14341984334019975
4.244226780348237,14.758666686807985,0.13450058257073275
4.217864361551919,11.08643524107445,0.40550611019475297
9.272706029424493,1.0994498450340084,0.4389230355933255
6.846958470052677,5.526213668731518,0.1472982189727864
2.8914816718586533,3.4178057259820283,0.19648847858551075
6.3467216804114805,11.539459440494529,0.18636763867764755
6.087663172527774,10.631404891339997,0.1687384158764705
4.474314223251331,12.83693019885549,0.28539996725819583
3.7541794190542,12.420431356621702,0.17533164677566507
4.1069943123676165,5.637622733455066,0.0716863101385028
4.359467781763312,13.226235591405322,0.12049212898271439
4.177123208540072,5.217848876338122,0.035799714787216885
2.8282295453117,5.74990436591804,0.3448105011359389
4.36529482706003,15.535088986914907,0.29148288089769875
4.689212222296009,10.365442629362304,0.17642466255877115
5.159423213317169,13.46790924193826,0.1615004002130738
6.154612185359614,6.150136269056812,0.18540989939721872
0.6654598254496769,0.017168138451570947,0.017168138451570947
2.866740677231258,4.520314617212624,0.11330808012543425
4.56083455693956,0.4538844672611364,0.4538844672611364
5.890091490721431,5.122457432349005,0.1163304071229001
6.068846817112109,14.458055488338758,0.30718525262691165
2.7970994252052837,4.679161003269634,0.06013377856824412
3.830187206736757,6.953996900570909,0.23627504257802906
4.370878559643009,5.422846412102736,0.23799780653984692
3.164110102154246,7.413899542894118,0.23935804260667237
7.472260784094255,0.3372873518792896,0.3372873518792896
7.154062693991539,5.830659651530487,0.28513716441243175
9.002746600102894,3.838325789015413,0.03654716232268176
4.871569626584828,14.378114130201373,0.14981069039134648
6.490897640172376,12.098227995770813,0.3907016862206018
3.6714841640677953,6.6597071663674035,0.09807971424465467
6.747820935858451,3.854408441034487,0.13469639364215077
3.5081767723341417,0.07238571849256914,0.07238571849256914
0.4855488829752297,1.0530380126252425,0.2156523746932814
6.376610223673378,8.385899116574834,0.26154049179577227
4.8732057518545835,16.178662028611118,0.13209265569975287
5.991501237206802,9.734184540130455,0.30266754075628965
4.849386867769896,10.088619353755437,0.14339879338278594
6.1145677102381715,2.0082494147897334,0.24901061797756774
8.110825569577923,2.8270120794887843,0.20559873409702367
6.078761600624207,4.135955125327937,0.32876717232777286
7.09440031481694,8.098617901495116,0.12790111419068784
1.9021916049584209,3.8560357065898176,0.008651028531078575
7.625841725505573,9.465416054411895,0.007571245173020248
4.4905853874414605,14.819517296549943,0.11926182598278298
5.16458699605304,17.48555444148542,0.45016978531185997
3.914638585235103,14.236323856636503,0.3449415594563753
4.431791231236621,10.312258959614633,0.011124263083289676
6.560410569272209,6.667143068421664,0.44313554904371927
3.3711351726836103,6.900637206043935,0.22586782166239533
3.8353411891155007,2.4043553279795926,0.15947601991968102
4.922785435686903,13.417560358278857,0.0804344006890273
4.812297373809611,15.200357043372271,0.266958477553161
3.437298651780951,4.743787741220249,0.011638814492491822
9.126819303846958,2.4629725762793875,0.24975111040928627
6.246095399220027,14.727051160149408,0.01495715580782131
3.24659095033737,0.5865337480810862,0.1258969367531732
5.674748586728273,17.175789305095325,0.030369425224905367
7.956220979134184,2.5607353226269836,0.10230691806141734
6.133494994111828,5.550406091983076,0.19715187897097053
0.3237827287314621,0.8985215382262091,0.008051960355294652
2.594932298755274,9.858158565620377,0.015212349889928423
2.556676629475547,0.4502621413156116,0.4502621413156116
6.8044441802043,9.915196074827865,0.041566278031798354
7.405286914458889,9.452596988025947,0.2133557860812964
5.77673363810161,5.814927716273646,0.24697688035403764
6.152594371437846,7.0911919161765935,0.1451938455120511
1.6690993447216762,3.216587369835253,0.26996311809230994
3.9462507620182063,0.4250815523267204,0.16137389220149767
2.0235194463722017,3.4112096253835444,0.13437761793199077
4.180255698682346,8.74484162481546,0.2684799010662221
7.807380813052946,5.5996845369908925,0.18616603854498945
3.7642175858619487,10.768074565282886,0.14870406382262108
6.217254284691524,12.846137816132025,0.40569632067768263
3.8113634874527538,6.325108243006294,0.06758622523562463
1.7511898458563224,5.699502996904058,0.2386133785673882
4.981664505084932,9.507138209193482,0.35306290928678213
2.501049810993512,5.270643537096225,0.23548039194398263
1.8207530108775505,4.697643276578791,0.05162589763285236
8.792284573882984,4.072426886464855,0.18394746263372586
6.104505202134714,5.275736386059773,0.0035084428103143717
3.3311593261392067,13.10270591747117,0.05382626768200027
8.321087875860604,3.6131101290086742,0.47407853374275066
2.234788242917566,8.874339127124829,0.01571966629783489
3.5907690134992167,10.527786569256268,0.14764493362659897
7.709650416618338,6.398556146562178,0.017722650558021275
4.717800172563262,16.05150842850302,0.06870309150451784
8.122110978410428,0.4496209897200898,0.277826810938239
6.428433036352948,13.830574932399255,0.11052176770773048
9.725849856575788,0.04967542237073408,0.04967542237073408
6.327064635157603,13.467988850445156,0.22577578634351775
5.012970910391118,0.8811980759446181,0.1682282253264462
3.0147690176083595,8.193071195765606,0.131873707894419
2.17768482712277,4.03692582359894,0.15244592299696275
5.869436297137051,5.392304724632684,0.11061920122676461
0.9440670325353473,1.8903041723070801,0.27252539132875353
7.401158340116732,9.673685372061202,0.007771142811181936
3.1268421674117897,12.164602574281824,0.0831329891806947
3.5125884287817843,9.33192804920635,0.13892752513432838
5.949210923165216,15.121354628870051,0.2623754462528534
3.3777426908389274,6.251091057484381,0.3723064196319551
5.127325952826679,16.304435435403107,0.1514492748822358
6.089344090832615,10.112880711607923,0.08846416889831549
8.973249035911095,3.305242617867865,0.19445566310653248
6.162194378003365,11.201982450639953,0.19826341053096946
0.7722613972312664,0.07398833522628712,0.07398833522628712
0.27605380850244,0.3406451309748304,0.1851929521986338
5.499039680487173,0.4709892224424772,0.46780176826995046
5.064525441143559,3.8939128331572226,0.3143833887216992
3.0262729279414833,9.045558062552018,0.35337287012092095
5.032706643807005,8.85857286047192,0.2975078489614225
4.09034484416288,7.312330012064985,0.2065393825530501
4.499849252797892,1.5204333606638065,0.24527977943148926
3.093860205061756,2.78996746203223,0.4631613954999283
4.042161094188893,1.370561239245216,0.07450425629546195
3.8121125478240367,1.0682007576807706,0.3054223083146833
3.226397747618038,10.597533222589892,0.22334160932488506
8.644736143134743,0.9731306169831244,0.20162573340255036
1.9087881113891325,6.601234130088159,0.2507620248786339
1.8952234376310129,2.653111499671734,0.1747154650929083
7.5419304442938095,3.7920889323214246,0.32537109894277894
4.612650131225488,16.80777391445924,0.3984439787900432
9.755639387319535,0.32709963892433747,0.15773130034719823
5.150324178896851,2.532698251180967,0.15419488762718614
7.752681417068326,1.0453979534087776,0.17294608193766792
3.5048705175243566,12.74138404414077,0.23107400772206624
5.175940561668289,3.0295413281047656,0.3433081195530725
7.2470921576938965,5.493796808241289,0.06433537571859399
3.6182511170645357,3.130932315972459,0.16233269736873246
5.392620655042761,7.321652876790838,0.16223873664458033
8.727836172341966,1.2022620123659733,0.04210939169092642
7.081941474343832,3.4058192598791526,0.27529029679054207
5.364396204635717,5.8141612471228505,0.1125097463846653
8.753938404080628,2.0887727559227587,0.2785155561195423
2.8097172748313657,11.12370037008658,0.02793251973059274
4.274586200718802,7.497162018922667,0.029894595467346075
3.375759020659311,4.462768653935118,0.228106063716627
5.729027633850673,1.6491000809971479,0.03593426069024713
4.715675842455791,6.43533097704815,0.1472899219339919
5.302187704600731,8.04807328282833,0.4318774675071033
6.815341380385246,8.560081632413318,0.2105024900327449
3.9772302875330867,6.069683452871011,0.23696856258512616
6.960560057995898,8.95793585173669,0.2130260735381142
6.42143088617871,1.8848497992346491,0.08173471285486661
7.717046632465094,1.7597839366963908,0.1949626727530359
1.744540846443935,4.706075068535953,0.02505127708860773
4.866708450389876,12.182679996243316,0.4775001291566139
4.812664279228067,4.114610540817461,0.020491995634788707
6.338330348195974,3.8536081436559755,0.05476346891910705
7.497504261606977,4.2306475416921,0.11543196316235743
3.1243051294682047,2.2502867183562714,0.07737740839554619
7.245028629336863,1.6210723301446195,0.005741957284370047
4.966697166477521,5.971480062959045,0.26178808996642544
7.647362813701314,8.607500338506979,0.19476784725044835
3.889082897087909,12.934638896595905,0.06044743733836308
4.3382747684133065,9.678326620840327,0.31271169636933177
3.2286235157767473,12.890063308361269,0.005925328372362743
7.742132192957496,3.1734516991320816,0.25289410516971544
5.050638726704044,10.034281740900079,0.06505956431790427
2.6464278607629375,6.63317241171514,0.45280420442998526
4.571525310572574,18.020078323042345,0.06452003499379196
6.306965547000885,0.38980213433342126,0.28554211166269916
1.769326725404301,0.34186857446797614,0.00965316204052069
3.764768232073653,7.4588822265603465,0.15050078593362537
5.48920705088471,16.24778761710275,0.21483873263353942
5.337139589454072,5.084921723118221,0.23614102180896926
6.500506818841696,3.5566274388098895,0.25239248214952426
6.171146799153514,5.916080769650813,0.04922890867916277
5.7912104095847985,12.05953940634559,0.31005435378121454
0.9097992299781277,3.221149009320181,0.06480745088025344
7.335522804425661,1.3682822989267973,0.2627575689872969
0.9375744771282046,2.50795990618889,0.30131122390002324
1.987543892914121,6.09410203377871,0.1694752353106019
4.706803722404397,11.440027425631676,0.19789187751384102
4.26776100552504,15.060376897357585,0.16812610314048623
6.9771441579790405,1.4993309081601924,0.11882989439550223
7.668366452816789,5.18229357181813,0.14777165095787895
7.806545694598728,4.824569343226958,0.23571254243290538
5.822783037914076,6.802783503410157,0.29293276663925744
6.318861029671168,7.609470309107791,0.39910119784166226
1.231352304931973,3.1830309922693534,0.1690682034782509
4.799502055750725,18.89135063670744,0.07437538936430296
4.754912330963607,7.390168804200689,0.23208239548996845
6.291835085004326,10.728296295783053,0.057257411738290104
6.231588326914437,8.838218687871887,0.21345881885416018
5.081328842591303,11.724641586172964,0.028327013104919474
4.242507643175534,3.3400757066341358,0.49602675479219327
3.195798279729123,8.18139595165129,0.04953165329735218
6.868272729900276,9.429858157655424,0.2678352513266382
3.0975792633714825,12.38954522541373,0.00018719580391150678
6.6764262444152465,2.911652933287816,0.363961578483054
4.8432461364261,9.1649784064761,0.016034605440382488
8.480753225163468,1.3231433508089996,0.18489633741182993
3.626327631805161,2.4085463295115828,0.04957955076276657
5.985776074314932,0.4563422901973113,0.019154954345772524
3.6812958016557995,11.231921284673358,0.037489957141407904
7.226394810481976,10.26878791223211,0.20024537831632847
2.4343052462848402,6.21545900315613,0.01568325032521989
8.400878420124972,0.010094100404931527,0.010094100404931527
4.859596325262454,8.602106212443081,0.01191471637236885
3.847748727761858,2.786796429460179,0.18364416546901519
4.83791741861201,12.776967899925795,0.0831142942968085
5.451964328137971,16.552855141531488,0.08951714364280569
5.454480564036047,14.372323902113708,0.31313385702181007
2.8640118357270774,0.9110472989826479,0.07331069742853924
6.582453833273421,11.174151301499858,0.222916577842579
2.5133712063787836,9.413626638722615,0.1551884052683384
3.6385894196229938,9.546442919963345,0.10985527063108771
7.402677540228806,3.0626232853404667,0.10419467729582316
2.3315067198696546,3.5336880636717827,0.1970694042026494
8.07837618472307,2.5559091576274784,0.01994358754516648
6.694835078709735,3.999111209442492,0.019402250877276594
5.053564563355658,16.668425047280877,0.06396670798586107
3.984642809486474,2.283916600751459,0.03234801627425113
2.812736913157904,9.72566927127303,0.10570190351522835
7.953983962369731,7.077391145827083,0.26840762890429476
5.143670517929059,18.486363527385237,0.22772989250253908
6.063659105509183,10.993408803076811,0.032414213835366745
4.458376027380083,1.9445122896756017,0.17769680065267768
4.268886419673682,1.111309428087659,0.1533812743530697
2.0328493283172424,4.6107204572128735,0.12074115076905839
7.165364403517401,1.5771693828768174,0.006663468128959016
9.107760009397744,0.10715547113609114,0.0762397520370591
6.905725263082094,11.927112102787518,0.05803276260230483
3.191034105201015,12.577644091072823,0.04523103375584754
8.148347318976931,1.2736420931835757,0.06381482165211277
6.8093833951437235,0.5163922114755382,0.23257828145392678
5.381792042650648,15.840323802313351,0.2065455864347599
5.026832066893747,11.391823946583477,0.12574637218625956
3.629488932183346,0.194593032640753,0.09980971628603283
3.8611635211535953,11.924797923019357,0.13496148152435494
8.817385190756719,2.520188942863615,0.0649283820096565
4.641456800837367,9.78385765914328,0.008311892841933677
8.33130698794982,5.817806547577864,0.20784466332813833
5.303794034237807,13.753934742855217,0.15889548163951003
5.3819445500895915,3.349753429260809,0.037445649925644586
4.693486776580703,1.1802640196045844,0.14614156798508177
7.3863357845158,5.449105645757985,0.08190445337945473
2.7545901258335626,4.308476106158691,0.12638610199911013
7.0608657893665585,0.34733729626174936,0.07044475226131858
4.375619336302883,17.20533226051248,0.06441262563321737
2.5044193461022592,4.149354554026894,0.17010181914473763
3.3166032478511767,10.80331860522132,0.0013462986209449856
6.512007849493939,1.1569195134920784,0.4587489735261961
7.449026126736092,6.967423666750296,0.2126866437015047
5.153663618223735,14.106171713315288,0.0885224917267658
6.453568566978837,5.475510968690629,0.01814153003960517
3.344357472863658,13.170303035358765,0.015047249896744538
5.399093124177923,12.924998109665413,0.4162566162165992
1.361685721751832,1.2476029497458763,0.11841535980680284
6.167513496421776,10.436044034247505,0.04231119608690201
5.420616112549549,15.158090151038374,0.2674943230289884
1.3041961309847583,0.7798649392546353,0.07126420874438494
7.740233104488392,2.384287628966457,0.1765918997778218
8.699219615536336,3.088889594722386,0.1546872214767208
6.42134206421524,8.72670420658466,0.006636524932075866
2.284581118722123,5.601855938406175,0.06738622463938165
6.094023586487689,9.431464472380902,0.016942020302771477
4.742553212379629,3.089200957583722,0.06342271655598397
3.9849948803234145,9.095781333791486,0.13312371759573233
9.05513758770814,2.7730589345717505,0.06851264503205473
4.922306033410234,13.568105579983428,0.07011158432758194
5.822156543809108,3.0956833427627095,0.24185679703720322
5.981492125548359,3.6219359063050294,0.19437440344923562
5.865460066312597,1.7162815069418236,0.11614188017161667
4.50961387665144,14.171526314381335,0.25355181467425403
8.220536222348683,2.534736920880778,0.10658902298310513
7.36091793501516,7.7694919260253155,0.29560278142902235
0.7610814293548862,1.4656946146366878,0.1898348658694224
2.0026042541255915,1.6316885158225158,0.19243098117174057
2.0909746739381605,7.636782194738387,0.17635165504772368
8.909921176051407,0.5914444676593189,0.18532235948663173
2.897173798909991,10.753786136282448,0.1410803733275509
5.953297868711617,11.478809020417868,0.14853725459135153
4.7624553050486265,13.266899120616548,0.1395759611679213
1.920209228813159,3.823799129943377,0.028279062766570016
6.740552156350008,4.153043320317593,0.1411752878584731
2.019114454274847,7.13382970922241,0.22862089732075888
5.502144198936541,12.246862443213221,0.034400569655589686
5.256793342885935,4.727567660801062,0.13013407315677292
6.9581205414855765,10.75785162798569,0.33782480089360734
0.8720701065333769,0.9630163764109256,0.18121353622322706
1.1774548591839629,0.896203217787197,0.10077632435640213
2.717083774153669,3.6352128303296194,0.08222369507169178
3.3478860090682505,0.3568298072725251,0.12515004957861975
6.130529668140322,0.0504827695689114,0.0504827695689114
0.44418832385510143,0.24598534444416176,0.007757016546909412
7.343839549233655,9.950537026999717,0.13898447386601123
1.3164500005212842,5.027744897902395,0.05773684348605061
6.566346482327877,5.564997776459069,0.10548922632283408
8.010345162198956,6.0780705428513215,0.205379054317679
5.684956718312004,10.28811257166257,0.3219666026345918
8.700628827991602,2.74112621253066,0.1849622448134961
3.0262967159923826,3.811366205292772,0.21952227488136997
1.136083766312972,0.7895052774948241,0.013661509369926897
1.9046346723487129,2.159352352229156,0.3133874350107536
6.009651307426759,10.456001490169049,0.023230863537907875
4.152056921169836,7.088960266722584,0.025198451179039516
4.7908345423454275,11.220397368893982,0.03726453962710091
3.5560324371465013,10.098307510478366,0.19210275303403979
6.525988847516847,13.760880168063359,0.00937192048177482
6.031395957236069,9.059380963107174,0.08485265739958564
7.382832109557496,8.430840006642912,0.12332862599178399
4.188571479839105,13.1827932611011,0.05583932616250625
1.5747924690657644,0.02948304427593529,0.02948304427593529
1.5660209674526393,2.4904842700805885,0.06995423280321927
2.248009420239695,1.1170043699734955,0.14226369096137692
7.769986846293774,2.1381274271835826,0.07135997073983905
3.6864198751511545,8.1946907584749,0.2231718576659203
5.201336913791127,16.0851096598839,0.08002732901107792
7.016383612282457,11.13157976046709,0.0404175849209879
6.103955212828517,1.75025297382162,0.009203999450422162
3.333621883516643,1.2874893968889722,0.10957461425499326
2.3942600886125365,1.878601672800826,0.09628366475105302
3.7199101138543798,5.868459117502047,0.046236814326514275
5.7465212905271486,4.122474593460817,0.0037465091844473553
4.228727774585854,6.239249014295742,0.06635216802051713
9.12980332538361,0.21858694435627601,0.03735109708237283
2.2457413977619223,2.0404960117154602,0.025166335132986384
6.772976336863856,5.9473020856753145,0.11340049884171816
3.3047110417470824,3.4352272741900913,0.21567459390907506
6.300269205325418,5.69122885243408,0.02112475144776227
3.974739381103145,7.506788267627275,0.019687574827331106
3.802824652427814,7.727592834385016,0.12089133238906252
1.5585534955644031,1.34365564119042,0.008278710076919271
3.9228842770659043,4.5809760214095,0.22536517273718493
7.413916787803879,2.606660791798716,0.21829056638466748
3.7093861343472723,0.44937041894069774,0.076732808424675
4.760919084924955,14.86043967005908,0.07681986564032006
2.0247264079889558,5.123300047541186,0.26311171405459505
1.748835376417407,6.950321264255432,0.010919012390678474
6.027891676477517,5.2399623030400155,0.04293423047969369
6.321988095313884,5.4915217125389715,0.00032475089516262323
8.679877638899093,1.3641179548743243,0.018400121789668183
3.5502229500596885,0.3281799385488604,0.05552398048362989
3.563668674236488,8.889230385034967,0.20629893629230195
5.827094569477476,4.587819355407543,0.1884538413517226
4.115115405620038,14.967896570278052,0.010348797243560387
5.369063124483522,6.476245295892335,0.26607435389891715
5.1422444607067845,15.506379555905943,0.1783714483559366
5.331989913506492,16.08936838257522,0.008351504952450739
2.6647752572419616,3.0281710142443297,0.027608229407703855
4.695902548565254,15.482273941555517,0.03804134674994741
5.572068400896707,2.675104718555852,0.0757219707648557
4.401016367580796,2.713334711116593,0.15044775450798342
4.305898658941678,15.958664356348018,0.136236651480167
4.802133889261534,5.663201714478134,0.08766378418820436
4.7318653408132665,17.813433313250485,0.09274142792966228
2.1957312592005485,3.8140955980396685,0.07111387467143249
1.2087760702642336,4.591932832379326,0.020696250755720957
6.2593741229835755,3.4311793056595286,0.019420341541183328
4.197086525294065,4.178140526497584,0.261936898769089
6.798617542114394,11.25556988029256,0.008072023591579464
6.633801321982743,2.3739546212273144,0.17542358891135035
7.6369183972925505,5.505788963550131,0.008445918689501564
5.442288994606166,10.57090126853112,0.05066870326809103
2.320117473839527,4.472884648648774,0.19788354625603322
2.593233896102849,9.156014822305803,0.09353148079887824
2.8837854259818596,5.137420819066332,0.16977859139849816
2.2946257435395276,1.341908380986383,0.08742064844311864
0.6437005294447262,1.779957571875963,0.047468996755776316
4.471231147058522,6.582277788738566,0.13792328704105242
2.149737512081673,1.4005564588358244,0.06888737006655019
2.045677494198772,2.4483447516912182,0.008186327199828203
4.467907109718018,4.202248968046018,0.009954634570266574
6.39193512962128,2.039637649571595,0.030127173476700464
7.462955198371289,4.821858163631956,0.10788865022016705
7.065092558535425,7.814793324066502,0.003671123270106269
7.478768642078705,5.156713215195554,0.04354401615177633
1.9434501277763394,6.316968665656524,0.035608905295083426
4.452057702608602,4.652923118995669,0.2769775762641612
5.189351870833018,11.813959520074967,0.01245248722691411
3.7575271716215495,8.809238648301134,0.0034146659229305487
2.1849628215323413,3.313571391232375,0.05429455317773113
7.6653721082494695,8.835173895620516,0.03361687925036905
2.218482329501159,6.294136768116465,0.09316515859077434
4.919920132060716,13.244428273666117,0.01948412404712299
4.6301336788976695,11.200664970362112,0.022295737718347752
1.303459368679476,1.9505071838974342,0.044303125521573006
7.8252011569967586,7.715894848902771,0.17176383792851607
2.2432802005238117,1.850323548969952,0.057321604997995906
6.758882888139485,7.677345945742074,0.0461249671334224
2.458685872396954,7.383200681886597,0.2703194869932689
8.61910514746326,0.008465097907519592,0.008465097907519592
1.7135689714919244,5.267761389544809,0.07994517571864929
3.8910699090236953,15.360108047527861,0.049518883847739004
5.623541754310931,7.739826528734777,0.013413995104024856
6.734669661778198,1.9815261561714737,0.0014683899634575504
6.290748912555999,5.967527373082147,0.04236019824693904
8.570264126036726,1.494388158537383,0.008331469979014211
4.780727435156469,13.477263812170916,0.07158079148622001
5.664064041616282,15.820067117130952,0.0764523193783988
5.383296840428137,16.94576139044741,0.07007395104155237
6.764353837436046,1.7466099694003767,0.046960307982171434
8.749027557146011,1.5867507724029828,0.1912153347283837
5.495294214328041,17.0473815029098,0.07905246452655326
4.882589341055769,18.37965866463763,0.05431497742337807
7.595507965670537,0.971798182926864,0.000606273388566142
4.614528351212778,13.682320956550027,0.19237103738533326
1.238860405089779,2.4712536168177346,0.0022024694765127584
2.883157980567621,10.535517053154972,0.07763824913774187
3.0416556808850634,7.127413996058989,0.07220102696729036
6.657171245110508,9.099425079935813,0.12173350209847594
4.335639542095401,16.389467982585874,0.10326781011932956
4.800515938865258,9.835265289267303,0.02174662063637206
6.248912741530153,5.891500653376935,0.032329192756341454
3.808236793692259,12.634231893171613,0.007530699649333172
5.0368192659610305,14.208850884612525,0.0670269051668852
3.6963474657388162,2.5576484400994848,0.047449167917653357
6.261861102787096,13.728512979155575,0.04278393192025032
5.363652974433545,11.751124922861251,0.17282854613422413
7.078860169895849,3.9226603721797226,0.15575568262074152
4.897549367840303,19.12184715903696,0.11359163573552397
4.106903356760615,5.771270817881318,0.061961805238142015
4.194850565839268,2.273442378587762,0.17812053282705756
8.227162312145937,6.457161081835281,0.1538135879034059
3.4224839782216088,13.070222919088879,0.043103280247801135
1.2909777096207165,0.8505340089913571,0.0006304647774484501
4.41364244092274,7.215278967057561,0.13101097133172118
3.7024598492545433,7.183793805765751,0.02663348806811877
4.566837590754228,8.593781824050344,0.12095007449380557
2.3069767666811245,8.939930203242985,0.06984464858049137
4.099265159587331,1.1743371340858078,0.0007174519891243736
3.6021421411563335,9.746821597535519,0.0711578636621713
4.764749878891081,4.5005054295185225,0.07088381735954125
3.7608645308630817,9.04354423799537,0.044098689667252666
8.32375916597493,2.6056834043268284,0.018664238867548005
7.224946384825998,0.9798320725387821,0.1411244966610568
3.570549711732899,13.941654357348515,0.08259417063371156
8.781766816918644,2.9309336615833947,0.021460236915193442
5.410333754176673,3.5614601013326985,0.16531256525373
5.183773992944224,16.51017324711624,0.06189183320905525
3.3505942422131185,8.874011134548693,0.007318336341362586
7.060356504037557,6.697425700781499,0.057726683023182124
4.15636453978728,11.909930013037895,0.16061371389904616
7.552625583979927,6.52094195037495,0.036262671759836135
4.146551881769476,5.303180355333446,0.0017573473630907444
0.655029945703155,0.42173966004980246,0.08135403345416942
8.382663032191477,4.709919826605978,0.001475433823523914
5.744788809613354,1.0538505374976048,0.01083571322113519
1.3647767512020947,4.925121583966982,0.05569604149203489
3.591610422848114,12.081017662107406,0.07205272433285714
4.974912190450454,5.279908312124267,0.0858297243885219
6.00450265095242,7.303373279094398,0.039665918124996535
5.83622159672474,4.968219897617015,0.047043956225259975
2.492352753159306,4.814432343607791,0.184634191076734
5.2524957369493706,14.821260140446471,0.10896140707388413
5.0659179035723945,10.192513079962493,0.09390775907674526
4.98644300672848,5.159446589621264,0.035182615116290866
4.417831024747587,13.577155159046052,0.030675332688696738
5.887475119312002,13.755322783240032,0.29939059812595686
1.2375497925302692,2.386223543560091,0.022424674382293674
5.384084117837573,9.542143388415747,0.05087632785213242
3.8214860579390066,9.180253476091348,0.05091616346884578
5.460909029097153,10.910018087269005,0.2889589199243538
4.6363921203806875,14.953668050821321,0.03602356354778724
0.46971733040565344,1.3927288860672316,0.11052664248704108
5.709142978398337,8.837265047281313,0.30653265457948187
4.650361507722248,11.231752780962568,0.014793573772784861
4.7090847519289705,16.323813551614446,0.08700701852813988
6.925436566156056,6.151612046349928,0.10891910830680956
6.9542868408481615,2.4475958215413463,0.10300946043674813
6.078740926731933,6.476220578908185,0.07499285352354207
1.263137348538561,2.29163268549166,0.07556590400460776
3.637410387797697,1.6807604719045344,0.18733635167402887
6.680414090025253,2.1032540447574966,0.07003231380225777
2.0941280076491053,3.677926931793385,0.0806957917677733
7.12051796823399,2.896761321099004,0.08037975346557918
3.450711532686037,12.340647798548403,0.13844880863160783
9.471221858832585,1.8405954703941396,0.06658017504327036
1.64373319757528,6.482240814248232,0.022481106347839928
7.511072220061576,5.298814289742804,0.04797960284074357
5.967911378336778,0.24806356286309894,0.05136729739485968
2.3253981672540833,2.815758991236579,0.28518072375694287
5.078310136365625,18.132993970456766,0.13163346573246668
6.214594393352991,3.4292821013647967,0.02539955995273116
6.973551348495795,11.765903873683838,0.08243561121043681
3.0949026504194643,0.40516918286436665,0.08984953650945415
5.409706752875115,8.56590170477681,0.09699550431078208
2.918327166045188,2.2206054286027577,0.1307280946007121
8.479638849307879,0.29984017658218454,0.10980764373873708
5.385832806359806,12.316771729160234,0.058662802980490536
3.352126231447791,10.264568379473463,0.07099498029228474
5.806290359504241,1.8668376705066936,0.045624038955864143
6.4093247828981115,13.948451772340968,0.008893787161551939
5.590120102769602,14.038502870995073,0.04719178081840847
0.6852044404480795,0.20139810375737754,0.08032356593981127
9.815505603514055,0.5502602992673244,0.04552812945419963
5.500831115501574,7.115485782463322,0.07060106780508696
6.530531289550633,9.448618233518037,0.07042680828960463
3.0168303802530563,1.8676712643013538,0.07423475360541687
4.564194424111232,13.465176555940761,0.03053072333768375
5.223460817782635,1.0147969351143704,0.03236073939146866
8.449271965240193,3.130575151859696,0.025192099223218634
3.2532304848885882,8.640193628222718,0.11120226618591145
3.738224336537852,14.756470768980861,0.04764044266780603
5.730770980058938,9.262535692315872,0.11928760325701465
4.613472935058484,13.110676462434064,0.021686606683187837
3.8141722629583406,15.094466182831281,0.03934482492860684
3.930398727590579,4.3189968451614185,0.03672175130579547
7.17835078085111,9.589799286705842,0.0518318446632296
4.371567184540752,17.359478898319754,0.0307510530546404
3.8647683247778164,2.2082521956585155,0.03882273151215784
6.003432905256054,9.157192781084738,0.016877790412823446
6.590840998037458,0.07811931147727602,0.07811931147727602
5.729001372399061,10.7788949514517,0.009481662576872718
0.8951837153715014,3.418485877000832,0.039351158863621914
4.310038896750214,5.890991618661041,0.14077783644782565
8.59764245681141,1.8513087854160393,0.005768738947206364
4.778168163088803,10.681849507547149,0.15224914528878186
7.870866192999215,5.876077019439283,0.040091445639916845
8.76012007366495,4.9277958116461695,0.007694174385667385
9.380805223387943,1.814673728112739,0.02747887389957543
6.370668436888066,8.01232435724597,0.007070430345062884
2.4249992814681622,3.164991463601541,0.07797723320783295
3.2172285059787664,12.232315508498246,0.02980385892364018
4.191626729722095,2.5018087416890844,0.05026858450438473
5.80340598986925,15.963041128640414,0.12319173014484858
4.693318242577343,1.345200230316761,0.015750678518355765
4.262597688081282,16.486919571672736,0.01851857932290049
2.8759844051868253,9.63745250530619,0.002845058881684792
4.454327362380576,0.9212811533058973,0.025493718119101838
4.720605533493718,15.633803350440008,0.07728564226089735
4.653845589371553,5.366960088556456,0.050435237809988764
4.01535251358332,13.312735811362595,0.15174677808144327
6.139498312279398,9.461900764102458,0.007238233501157876
0.4948230800650033,1.740526753867957,0.05790915588205142
5.947917879273751,7.82841203393688,0.031635728481003045
7.448840064081715,10.133235481416278,0.017318077376726432
2.025152899686274,2.9404753563340447,0.0399367818006473
6.985767018118176,2.6446972509536737,0.04464220344464037
1.4682963460350495,1.1397375999817227,0.033244651039169903
1.4511277171098835,3.6867521116181523,0.05477964371041805
6.025198694172537,4.65447896548318,0.012404596496075726
4.77037938594854,4.190651750401524,0.06651534747295366
3.002630263106089,6.350104448115985,0.00217670006074705
1.407283758608865,3.4814226519520286,0.10244140361153153
4.721733235453223,4.983721421841127,0.14981559399570327
7.491445706104452,6.404816414034213,0.09499325247705959
7.841383646324635,8.206664719901282,0.10375690890433821
4.743851130147406,4.109568261474186,0.018797491727720994
5.945119341677633,15.809480736464439,0.08576632336351928
3.920158265325292,3.853393773020597,0.11011230407068295
7.239903469577342,10.570143942047691,0.0007542798603103473
4.667707901494941,16.182510304817875,0.060229700082038345
4.969174786300115,6.292409546016236,0.05915095673145032
6.626295425023091,11.413378426080719,0.020294651960593213
2.4334075227664242,3.9737920449696618,0.01927841646592665
5.41561811126962,4.260527920813255,0.19323131310763814
3.461778854176274,5.836336396889303,0.016261449572728903
4.040027090154256,2.790711984559169,0.008674060958007296
4.774896590844701,18.017544289226976,0.11585622065090881
2.5615363616405897,7.965246839952213,0.025177945381829492
8.660030652255347,2.3873230535164858,0.034455602369832805
6.306427421394741,9.256370352755772,0.2113372556425287
2.6741831023371687,9.641382512500858,0.05647521015148654
4.848613054581995,8.540650068588246,0.05051516311130822
3.7904909933271136,8.760850978873545,0.05433420888307461
2.9824770360277384,10.883316924991096,0.014015943476720583
6.686034025858434,8.904689482644986,0.0666160515836024
7.265743762719427,6.811208716729958,0.028135978926424665
6.033837472889555,0.4910533110297144,0.005749401516363883
2.5473271291235156,9.804628123971057,0.02628075861503043
5.56678658149853,12.343827456734392,0.052141380879978605
4.521994769999501,15.225401559469148,0.024422423614805733
4.798690840472596,15.820883021208623,0.1254361335326245
7.442481756342266,5.792754786800858,0.005762017947100351
6.944859440812689,7.616015136885617,0.1154700677229002
3.86146587896624,13.01982717468898,0.029105577208305672
3.4936625185807877,1.9657650456918563,0.1318674343061733
1.696666239996849,4.716317099401397,0.022407714562821923
5.1345740382816825,1.3488557243570432,0.03512861342105464
6.913425453341661,11.42028916615278,0.1895468286633752
8.810551148534199,0.22072934490518836,0.1984798090942413
3.135256580889687,0.6589711673170862,0.006928217212049725
4.056488848923106,12.178662723485571,0.12607849612792743
7.759520832970825,8.959355880688523,0.0006210821794789007
6.310238594151961,10.225486682020184,0.15947632027033123
9.56768159147659,0.4663406190588093,0.07618360633244528
4.687519693158256,4.1063044361986645,0.03762841853247503
3.4273610705322444,11.134299655279925,0.025083967839839127
7.805018019063066,0.014433251003764802,0.014433251003764802
5.4308971178140535,9.170194452753222,0.12735989889449428
2.5863640759612148,9.031269892794416,0.031402469221039245
4.681018228138313,2.9116874786309066,0.11700506087167983
8.557681455964532,5.361158629793456,0.09898255912065669
1.3458849323375854,2.9171302247429276,0.03812797036698792
6.276449910231322,9.486085767360004,0.020325911223391696
1.761705507479434,5.347349289028472,0.013067510733782664
4.197385488344279,9.278140051936742,0.11155128713169532
5.06539461739539,10.814296390464708,0.11797386703546503
2.5598676355151815,8.751869185245793,0.05611504768030795
5.208197790902722,15.976390830229423,0.014020050793334654
6.26882347334117,10.864526559644787,0.0809027093646297
2.094052627166605,0.4581399983840817,0.012428930723103582
5.084744742068458,9.884112218245388,0.03775026699729178
7.859028509336726,0.17095877644790258,0.08372864341574704
5.241721952883975,11.418437697788576,0.09078527643375209
4.86681855317463,3.581076198317066,0.05569062231997357
5.258861064342174,9.929217318386725,0.019549501557210774
1.9048046927139028,7.334135227508572,0.002006556040734492
5.0273222562004,19.392922008268535,0.1207315582305242
4.902323685727694,4.2725276213952394,0.08876812394364904
2.826522582770492,2.353471914345089,0.030769845150102254
6.606450299676327,3.946866351140206,0.03422406668061673
5.155113697601289,19.352742466210056,0.0065006201195189515
2.4918260899279487,1.7109021329534535,0.009640169214977845
9.010897822397482,1.4901197626920526,0.03136041279672913
0.7864273271309241,2.8663055619212763,0.04072093472387178
4.958168018299673,16.360983020951217,0.02691001488076955
7.225002440777462,0.6121749599018567,0.032442124067832645
4.368781079636118,2.4486380099077776,0.06875055268774152
1.5434694888359612,0.06594162176966734,0.01858312847937263
7.413562498282768,8.155892707710876,0.09436774839194956
7.717201616430415,7.871199431822813,0.017401207041503303
6.426732961680939,14.017880639427805,0.06268422813292567
4.6248018247657265,5.592067886306991,0.06714631007137561
4.5205359096630495,4.384320414396359,0.0002167197800682641
7.158810948556197,5.508853480213702,0.025220613794665697
1.6813456779478608,0.018596074308954158,0.018596074308954158
5.153899405229465,13.651400267086105,0.022073750378987428
5.386468661512883,2.3685332688225813,0.05245523318197742
2.906296615890721,11.239966662274956,0.09342952528173955
6.881979566153725,4.388432067747557,0.09323515456391485
2.925537524658349,7.296257812369243,0.026642806064761493
5.657574324583427,6.269258972497351,0.08900599004546478
6.978559344865488,7.980548664456643,0.0375058840111423
7.198520445696178,8.984436898177313,0.02640544397141434
4.228940670873829,4.983649839772307,0.12197276361011933
4.415646353263157,16.041363626040056,0.0011814172607272633
5.109586830053948,4.984148662688974,0.012727353078012066
9.197195545231786,0.45654779461820283,0.1320475754245793
4.936555607744015,11.653365946984708,0.05640247257238806
2.564125508086863,3.7582904931433525,0.11410343561037864
3.655313406915035,7.911015276312126,0.0622040199874076
4.642764318458155,17.45253439799617,0.07269657440573313
2.179783587506398,1.9200240969096138,0.03696511860491812
6.89990195939938,10.283557132816195,0.12658135205422014
1.3192701784825478,5.214111210420247,0.01527234789201178
5.719060592947997,7.734784522485702,0.08223782328741774
2.1527149221767528,1.4824003169834898,0.013010628000371283
5.2770825757459425,1.3853688171138812,0.060549387287580664
3.7072579608841427,3.797141869210865,0.11009399991118193
5.221843138572623,0.03818085666665416,0.03818085666665416
3.9777127191483173,9.719515625582261,0.050195351622023154
8.040070171967432,4.602840621993312,0.08630812049144002
3.3128382245847785,13.241706902574288,0.002339497611919908
1.9404632681000666,0.809057233111814,0.06408599887212535
2.4731544124661675,5.924223668102282,0.05074678811464983
3.343949190777742,4.119817738445102,0.11631692580720648
6.99740970287987,4.456936234669371,0.040992031021823666
5.524853344282374,4.8601714319003575,0.056688531266287284
4.971579149730419,11.177746789539203,0.09534617409971627
4.683001019892066,11.168905211072186,0.039377903766259124
3.455534216421566,12.153309434953186,0.04895162027117381
6.643338060285209,9.251846786753646,0.019016023317854347
8.299964012749555,1.7515455391359414,0.1749983778810015
2.425577555206697,7.902970160039144,0.07597157338880262
0.25057771557164266,0.6560046340082804,0.08399159752945014
4.148860943031845,1.2530219949304144,0.03232970174759761
7.563371255964817,1.9489949729982015,0.0487932248185039
0.8389897222383269,1.182618393527557,0.040866084063735375
3.397121110801462,7.357520768027159,0.0003765948704603228
2.4334619145490946,8.769295756448594,0.0628936383649557
3.6570326634176165,13.139135452491475,0.06706582781249698
7.761782884926745,1.4778139730893036,0.09053407444541231
4.505388285774215,5.160665890313119,0.056674032002229924
6.839437120153839,6.316589883296313,0.004908368109976302
5.608159719789302,15.39430850517708,0.03412085471990611
7.892918480294271,2.47446614266706,0.0007354481362330523
4.572765247746624,1.2855555635525762,0.0006558257483783303
4.877628826854375,7.828332395747601,0.038400521349331584
7.211312349357702,4.384837891292901,0.18473460295797905
2.0681848719505203,0.9733456421644182,0.032214839115228544
4.26068922358552,9.074033928899341,0.07039636690839385
1.1312264109179337,2.880865758959432,0.11846804550289239
5.078786137648771,6.975475540499074,0.2940969899065293
3.9095233054075704,13.476081053015097,0.01706011013647374
1.411698584515193,2.201892247541095,0.09799615129108107
1.363448118113253,5.383666859622243,0.017007959338966507
5.770787471694808,16.903289248758693,0.0032889927383432833
7.583628743461837,9.58435716296588,0.008379532874250889
0.9310682460582353,1.6087504907607042,0.009328194850659166
1.9928574825384116,3.2211638277415022,0.05382736319076897
3.672433490258631,9.832534798648794,0.03969170378716906
8.260887105430047,1.9375053144810228,0.015022786024629253
2.0176601339230094,5.914827817759907,0.007167828305266216
7.643802431049453,7.255362314411333,0.08920433848415255
2.32782145760013,5.9574641261544725,0.07257351294414735
5.8157841476203185,14.170209368884683,0.07608502169015696
3.5970213021920703,10.918712064001026,0.076343160761634
8.478430016860226,1.7228232421415424,0.005764131970639325
3.8677475721571963,8.357595686075136,0.02058570455103534
9.45084907619764,0.22317086846933343,0.12850155799717294
6.168149968489804,10.025348496312125,0.029316368831437678
2.8285058323913423,7.230460539383361,0.09059383682720183
5.762596938344134,4.962256304600762,0.026821832630775352
1.9973056537745937,0.7396669580354431,0.025613873392812084
1.1513495701115284,3.6262325809158935,0.19162019600376978
5.399388571737861,18.284651896723126,0.028569196867903428
5.346615991529113,12.465949721861529,0.045781555146315434
2.222819529249367,5.4634579350513945,0.08416740041390094
9.071525822697328,1.610576408620712,0.10349342648395513
1.7491137228600129,5.176098549664427,0.017512650586901768
5.2188304553521805,9.217725121953366,0.021113015956974512
7.741271351787592,3.504289964249687,0.024721807902820747
3.3405244869965154,10.798823603565207,0.008051411560254296
4.677163278071762,5.677521626980539,0.03307376569901199
6.885982314786513,2.3105407470908634,0.013133467108578933
2.7532089091419456,10.490957161799994,0.05973840492677818
4.982494633246816,2.649117649011743,0.050060424627789396
6.6461452292849685,4.269330770878808,0.008609354331207353
4.020914178387622,12.396384522218089,0.09248486145617182
3.0397067927133703,4.655725060656581,0.10635817877351603
5.482286606273329,4.553535389649166,0.10726505129580571
5.523254482558349,13.542278902331777,0.12256244123942955
5.039370439320711,7.568274374906423,0.10353347083121328
6.6635852971199245,3.3493472189248075,0.011349208967277591
4.439269198781647,15.204831786046975,0.046957699406627806
7.9249212749775335,2.453034532290679,0.009849810311687829
2.1073878779116506,6.777036467177218,0.014470569251072929
7.113891375800715,11.415769472039067,0.010970037715093778
7.8707482430060205,4.426770639087869,0.1579674503451383
6.615406417812811,0.3367288195380169,0.027431605333778253
3.408843788157556,3.2160691967944732,0.026964833560435275
3.8959986664126376,11.611277738104109,0.07659167088239849
6.418434778515128,5.509558627919036,0.03078316914951977
7.9332534363452325,2.2461344450310827,0.06077522250663911
3.5550098721934944,0.491068153776939,0.08317570106448707
5.638916142676934,17.375161383988768,0.016777170313975534
4.795626932163749,11.621257781139002,0.003934791559563999
3.900079433101633,5.751185176052367,0.00699185266249458
6.9655530267357495,8.195307399654038,0.03319042096898897
5.706756927311002,2.8548729272592865,0.025176398844584363
4.205909380527482,13.95022736432802,0.06333515932816713
7.50511375645639,9.172833261571366,0.08368485259117125
1.4777020332039148,5.593187087297307,0.054812346795793415
4.4776530275099375,6.785530204967694,0.0654305554392676
5.49233864784469,14.68795235881898,0.004756937421524776
4.167680189369019,13.022884699161663,0.07321334387101708
4.8562289468865805,18.774291726245174,0.05570431195973874
1.9530231963570555,0.7374597360109059,0.00860480789829958
7.608663099252752,0.6847974677795476,0.03603405419543404
8.484193233888522,0.1814802129184856,0.008639911818060023
2.2663958250266028,9.020939607900074,0.010827685793193697
6.554621794214589,6.050965543936721,0.12831176579184314
5.293707646727734,6.767699602614339,0.004837945202534499
5.513166175614935,11.222633088765248,0.027993676724855754
2.298278449917696,0.8756155000898014,0.04742762050323096
1.305404492143133,2.1518498737206593,0.019488627513597687
4.3399989461987065,10.557712378015466,0.007527550048455234
4.881157767886429,9.861263418033984,0.015048850588691265
0.8404682395356566,1.24154821073708,0.018082277828231706
7.174616189354391,3.0033789534924438,0.03917750087548724
6.459354597115492,3.884136799055087,0.0700518651829622
5.372937252016085,1.074944705744103,0.05066267540692898
3.416161461058701,10.392569954173418,0.055979367937392444
6.425847673037302,5.916712619637097,0.0577167856941673
4.945510135900672,17.89822236776263,0.017044820658624393
2.2317317128555136,1.2624809820677907,0.004120763213644935
7.0520072832032055,0.8570735182689737,0.07095472324629762
7.376634228160322,2.8597420791059824,0.037522113595583884
3.1620060085563653,7.040000100676666,0.025442790308078
4.364245525879717,2.18456319916561,0.013175470847511056
4.584631862955205,7.119784936155826,0.06483716469427675
0.3236931667528409,0.519819381243829,0.0002064016674672986
5.506847233059914,4.7952191973498675,0.010713344185791077
7.112542397498547,3.729655388978139,0.040166281428528544
8.375551128758957,4.890779473323288,0.12813963378608836
3.237438831143835,12.517626226900465,0.030634258767413283
4.641050018986254,18.522258942209852,0.010172219085190608
2.218537386540328,8.820485802181464,0.013015369687942339
3.393463255070006,8.103965240348048,0.08351153100838687
4.613100744682486,9.169118694117726,0.14703351946875404
4.397830181555977,14.578911367010248,0.10194387149442963
4.0385119266294325,11.473377172470926,0.020981116091637553
7.438532007855986,6.748906581407555,0.006082282606041628
7.3909005005545865,5.620854504834698,0.031265026157793696
3.255986013375499,12.802451498478431,0.0251929046655949
4.04488235822004,15.956940222182538,0.053985813342891376
6.468386245672041,8.096096485261397,0.04244701342457541
6.936678134709695,8.225212323008515,0.008379566165402821
7.649333914552764,2.757683832442921,0.06140423580536497
3.424177656310756,0.8040386570193125,0.1548973358926628
3.214096465784161,4.6332695280879825,0.006852080929715898
7.649406507864233,7.415286618305985,0.07081812448006669
4.3617449532204,13.372563793301186,0.025853790604822208
5.010284446650269,2.3870468768068376,0.017633140613838638
5.755118363861184,12.700169274855275,0.0048157959094008995
5.70674906451655,9.581081657707335,0.020634628209659334
5.986673073917135,15.415967724484588,0.03460988814354349
2.594850189539266,9.557100519255119,0.009807288893422722
3.6548418487608956,3.9264908657857167,0.029471797206298944
2.7339391467393725,4.872962190773656,0.06394120708704712
8.877822664579906,3.092328072108952,0.023948923394348842
1.663514034606186,2.4629130686310785,0.031362445450538345
4.0134014849893465,12.992613561118606,0.07672461894252533
2.7789310899134767,2.2811278145001146,0.021239748167507844
4.56724567734063,17.27041878773996,0.06642357568705248
5.416955439048655,12.434702880316632,0.03118598985731788
8.27351324369572,5.210638720349303,0.13834071558477687
5.030488391446691,10.412463673683238,0.1288780438990578
4.881374971218814,6.635811705343495,0.09876773177745257
1.816159302892183,3.593767565617507,0.13487207230922948
5.842276713845696,16.226415769103223,0.09810017308334147
8.44574772154254,1.023837419792235,0.0037217082150123038
3.040770596750193,4.95987290541753,0.0672184665625768
7.803605003767151,1.5724495336960698,0.011402368351196207
7.579531042486005,6.306363144674809,0.03711304083634315
4.516206165750645,15.99523929853113,0.07722756991513266
4.54839837170824,9.31101421475674,0.008917549286530158
5.830684321955878,16.116738337153677,0.01218818817374863
5.799737265806395,16.56098583669491,0.058224339097192594
4.583791705347508,4.192820766100855,0.09744404644470431
2.5120617493940034,10.033860836317592,0.0034891566126847946
1.6120932532271037,6.137543959655478,0.07538711871015275
1.2197308883656444,2.0873148016632848,0.06630162868375172
1.297609567306356,2.1131639231325083,0.015754850123720285
2.5159187971936015,3.391698285309235,0.0356727523190663
6.203368996117058,2.3062831387968563,0.06197132525917021
0.604607174092191,0.807270322457283,0.057434853521780405
3.000775114032982,11.052394002621103,0.11659354311989421
2.606559055324722,10.425972290860743,6.401253378152711e-05
4.268197672671477,6.652792376853196,0.07700669890472148
8.824791521961105,4.692648741527523,0.001795973874968354
4.653972838278358,6.936145922222834,0.13145715080428214
4.34323438001286,3.8335836733176665,0.007655673622784076
7.496432763670441,6.747751995300993,0.01204215388072738
4.4810902258904655,1.0737148166370858,0.06212698577403042
8.52876275586693,4.182284568947933,0.10155640594083304
4.058100483137508,9.325654029218573,0.03561491385409016
8.835106137710603,2.908688851294041,0.02988976178315514
6.63791359121657,8.437988439157277,0.0048747794474426065
3.7793970548924616,9.798334046155663,0.07260654032320027
4.8298182432629035,1.0864981190334477,0.01932236439184523
6.085341585248222,6.56224004126206,0.01127948617174096
7.399668656324236,5.16762191777649,0.03630463780279318
4.755837015049358,18.377886642365922,0.07244973458657727
5.492555747754732,12.468035107019091,0.050166419013655206
3.038336759912484,0.2691241400428135,0.05748665607460138
4.677025516252703,15.884487752929035,0.01185193228067638
1.5439271310081881,2.2114100653811763,0.03457449917155765
6.819994522028353,9.776421482954234,0.04683198256303245
4.1969353804827625,7.0455622742208535,0.037231204141827026
5.9685904364105085,7.399704564071785,0.009177085065578627
4.804514104386939,14.686971957190064,0.1020420171908133
5.7398864975590955,12.56293665432527,0.08096428115552645
9.320405945573059,1.9858662135375704,0.1428214211916906
3.237538085352626,8.009448516091268,0.038284568827943566
2.882399587876663,9.588694240242488,0.044961865622050956
5.852987891955687,7.276781994025711,0.11416456856552404
3.3176403986989813,7.1555819521978155,0.03462884709774999
7.0983079900119606,4.08516113260307,0.007904681687281478
1.8002385444985403,0.21711539543367797,0.11887269620939966
3.565822119269473,8.490152517424756,0.0959542455056005
4.956840849055175,13.203869123565964,0.0353627901799476
3.6502514374528996,7.624601180762431,0.05093622166935796
5.976664950547824,6.202771242238542,0.00015857523951426367
7.9663815095887225,6.673817382199574,0.10431204583431705
6.861320337427562,1.6185660928306644,0.047399425131898126
7.707820254741172,1.355506433940079,0.04314875762095308
3.0970467922799347,10.25162996943282,0.006865433138445565
6.766744868212777,9.955022164594391,0.013273083294949
5.506314851076159,15.617168984363541,0.04900089190604856
5.989044621750013,8.209783599509613,0.16416336201033316
3.9858553646975023,8.361311247939682,0.03396692556187886
6.644258373681835,1.9435059469154137,0.09375624070772443
1.07940110236026,2.9950815272492948,0.0069556537454620315
5.166842469143656,4.9033695048171255,0.012781289678106433
4.905777891805297,3.2980257164018667,0.03757471669289025
7.8420858375621485,7.515604577166409,0.029236871995655722
5.863704144721592,9.42451573626052,0.032335242721563295
4.063434365013858,14.906759821146895,0.06970513490510799
8.352941463747822,4.569616872983051,0.002132888672346428
7.495854563411982,8.889980384743767,0.12577813451764783
5.321342298577325,13.988038216974312,0.07586477516721502
5.839132705995019,7.837310992872024,0.0756513449967118
6.402738994266427,8.686340133868695,0.015363483601548489
5.784886633275228,13.08272028470161,0.000532198604241696
5.4575794056732265,13.945415382585288,0.0668841490361366
7.47355154758753,7.347216919113819,0.10424496165574296
3.2445463821973286,11.076540116202501,0.0931565138046192
6.605123802002525,0.2176433415455059,0.05874990822712478
8.475165315314214,5.027550633227902,0.04106242395766063
5.549406580069046,3.2336848022723097,0.06381777754659254
4.0278465138230874,9.739961799146492,0.003776212487803965
4.762679031084618,15.98917994570603,0.008101541884063854
6.711469422638512,10.236283915688984,0.06769056554503669
8.473816104018146,2.9588971956766486,0.1055141751651821
7.938952272946114,7.985689591928946,0.06269577831828477
1.8636107216254327,3.748644704282793,0.0271111528128318
6.38632283950034,14.170515754960078,0.06892689948877646
3.0934570672697568,0.7796496699351629,0.12056552573739618
2.3684232306635855,5.731348052139047,0.06006636656814851
6.778856607456934,2.237776253426249,0.02353767289848363
3.4292076144329764,2.3148025380801363,0.11842229574870722
4.320228953278727,12.019024356597365,0.03624441218562344
8.12579020348606,4.42684253663707,0.09707452026903288
4.0133598923642975,9.390885436994845,0.04348538338435397
5.551493854108275,3.413270468735534,0.039348962694202516
9.421029690261015,0.6188074688264589,0.06408491878750483
5.206622326715042,10.013344662639398,0.07947724109286375
3.2088324396904455,0.4609089626263829,0.005279630692442361
1.734437836007966,1.8830787761287593,0.011103014697247116
5.677237483031642,4.899592023064267,0.07906985161180567
4.80090204129746,2.2821559832452865,0.002109998926346529
7.517026000858253,6.683357673515071,0.05556487309237852
7.884024688870513,6.448779872900663,0.038303811287757505
7.653933870735292,6.406402421898507,0.02733495747119674
9.327531824705018,0.6358494609839016,0.027907965861749873
4.384295139491941,2.115286877769511,0.008453509282438654
8.491616427897176,2.3089821602135996,0.06398262041125141
6.225493626502251,10.3835936495821,0.019910197432574522
4.762169528790508,18.972624311433826,0.015062453704309545
2.6952947865291077,8.832217462548261,0.04040465806314608
3.5961054907242316,14.07690068084297,0.011259340709201926
4.069193256026471,1.9623049242493873,0.15743315140477052
5.55668315602213,16.989609203686477,0.005071969450238301
6.457324766267504,1.971942082994449,0.01246420708759477
7.881176707793239,1.2071991492047007,0.03367111652236032
4.280865871848328,0.8337713939296787,0.018022877124796888
7.387766121151174,6.347440815733451,0.023503226864963436
4.313162847978531,11.616737431214268,0.13329089646201236
8.255053876028299,3.077774831471829,0.06531405975730431
8.296530893841886,2.024438949256122,0.07893431326839022
3.2619359967298687,7.632767253896828,0.0003771875308416772
3.1289282010053068,0.29528484059195836,0.02518222766596609
0.6196469626351198,0.7093374084388615,0.041646178404393816
4.194361580272412,4.536078671883796,0.005971034419807064
3.845348660288761,1.7709606788371346,0.03932286939860219
7.499606202710243,2.327556502564161,0.07063214145244406
3.157988038005033,4.780233026727341,0.06537617015768621
5.106917129429439,4.5881970377550445,0.074529186683122
3.9205593617872356,13.869342863949079,0.02208719226319672
2.3342059790448824,3.1405773436770845,0.016041238469869268
5.770945913371458,2.0481971092970364,0.03164315929376749
4.473962315154925,13.369429368593346,0.06284759939587944
3.0595221016215923,3.2792596449634748,0.021301793466555002
6.948669454916205,0.7559069242651129,0.044491933635345704
4.870748587070809,18.251202341591885,0.07468591554006437
8.346259165151576,4.208461927503349,0.08281499836291575
8.868538469765028,2.606893054952384,0.030007958689022757
1.4314291728894768,0.9834710085056009,0.12181472779529556
9.047244795119017,1.9672427227423261,0.03897174754597621
2.4893154327172207,8.94037840009019,0.10156257355901839
2.726908002614099,2.1885174474968627,0.06202154512138178
4.8177159427757985,0.8578209041529306,0.024814489744187374
8.840907835473748,1.2418468351940426,0.015748915494226412
4.4366058234645775,6.080759185792206,0.08732502735006759
4.432100725240755,16.28980190696877,0.03543361915490639
5.900505484065618,11.717179130746178,0.04932841098954144
3.607312203452425,3.6770425005843044,0.046152640926623745
7.5083438055709735,4.5940954170328885,0.12435259159936454
2.424341457700432,0.9776764996598941,0.08247002453582739
5.800360995383944,11.14513535669387,0.1239669424259876
2.6591665091569627,2.3360170866988628,0.03547909977315719
5.749418880281935,16.970496537286156,0.007719409706204989
9.314245247232648,0.29354906291717775,0.025165928289404005
3.3534100672408105,8.008097879995319,0.020386537483192163
3.228403870640234,1.8322199389945881,0.1402882948080793
1.654881879865605,0.3144279206151479,0.006574317301455246
1.7533590674479393,1.816482695383368,0.04699883977882041
5.905807735524746,7.784835079459471,0.009197232193903157
2.566613300056564,9.69187443972588,0.06235532917904611
4.200808228226414,1.5507925196695038,0.049287153079540263
3.405896472420127,4.019089756806034,0.001935313021330487
3.2839183712421063,1.0037765195328463,0.08916798480948882
4.101218154761462,13.605510319661779,0.15335946742127043
6.43412041538228,3.2079168541283876,0.018771259897952586
5.480916569565624,15.477505161823284,0.05756274000929057
5.989049264379425,5.386352781331125,0.009141758862865834
3.6500430052354362,9.114997481627782,0.03542674906087956
2.3023569199639082,8.708724895903106,0.034569186603646274
4.7042477071216835,18.696602978115767,0.02919834253650312
6.108160849105237,11.740615036407648,0.12568178689575177
6.525117477168591,11.440254754446622,0.017756416824069116
3.831392938515481,4.241678127905657,0.08889803339573638
5.565297818547243,4.935346144082613,0.028675353663152284
4.442018381649296,10.093415381263055,0.0831301621750965
6.127515100650464,13.28615765689986,0.04338115751701199
2.547868570062045,1.7541431281416497,0.004374091567338312
7.262605703130264,5.0694609890150115,0.1322830873540788
1.6222347630759282,5.36760999327595,0.05537548528341321
3.4910093577953702,0.4331847467044381,0.0031177208026827857
6.303743220962423,3.0236094949673475,0.02517452582113444
1.627982516815204,6.043177518976148,0.020307676466270144
5.758237376772751,16.92858024253395,0.00933040622001499
4.407400479113175,17.45830115793509,0.0415465365362665
6.460734876962927,4.153539529585027,0.05361064490279349
3.372273754045562,1.699473533121001,0.05546704132204469
3.2400805409192692,5.859987735314897,0.042317115798089944
5.99196762770288,13.195568208079928,0.010062836327890123
8.168374204454441,2.3399777379422604,0.09503442666915665
1.3645815859006272,2.605162969285806,0.02596025688873227
8.865701624671265,1.382945687368411,0.04362365419559522
5.865630503553051,10.590408722652242,0.030206621186440352
1.4518108264391605,5.722077593671848,0.020655719212149825
4.586335035132979,14.994096117495204,0.02832035891956193
4.596095084678582,13.163959265928513,0.0343584362024618
5.650518028787383,12.515081074948288,0.02041066490170794
7.839633620126821,0.76433594582483,0.1212588427727197
1.6278445639955896,3.610903939257304,0.054220751952334806
3.8187408862174865,0.0002660110402508131,0.0002660110402508131
9.54963718241636,0.13428498240481757,0.004388587129375787
3.8010628928880728,7.2654856002438155,0.04627207163125757
1.5214570550142636,0.3369239944776159,0.005357846734710847
4.623349718392622,8.976459487697745,0.04589810386056889
1.8160693056738586,5.300978369458383,0.01094552891818984
8.611933005686039,0.13260375336768382,0.018810978911801585
9.740954496933828,0.8747623751839506,0.03915001257251545
5.13674673446955,18.730633309801533,0.016637996916465586
2.743308814994508,7.99325766635433,0.08356528322673107
7.147776907482965,4.794374938892325,0.09378436864765272
5.669477919735875,13.246063644778472,0.0034945189889534767
4.210033784870104,13.26626091936906,0.030343505735619405
4.537680433561334,8.944450149598106,0.0455558413199498
6.561928452203336,7.287909145865696,0.003991041728935996
4.964989556585284,3.496525531431496,0.07387156808081125
1.6987827530908362,2.9198655346144076,0.02473840079962128
4.545358457747872,14.688537013323508,0.022709733932815196
2.835649025397653,8.439542446072533,0.021346554319384037
5.145232483147116,8.510250872189122,0.05622402362860901
5.1392253558551655,14.718758014582683,0.04380267587699249
7.586119833786936,9.317973688606623,0.01208595242169036
8.300688756992031,0.764660579591343,0.005085574923258479
3.5282498281255426,10.976127369946214,0.013244969043952656
8.322613528675475,6.14869678583287,0.11477653113977132
1.9849545058296991,3.961126065530829,0.006215357808146749
6.793384184442672,1.602212922039239,0.022477231036810486
2.992848956829909,6.233693504650524,0.012980306487712645
3.835117654551876,1.3841933887691504,0.011406632657754046
4.917551872417275,19.3118355946627,0.01574021037877893
8.185716979010497,5.01209169693942,0.07875167165531657
4.014747823320686,6.7783407081356195,0.018514515949598576
4.59660318907606,18.30451669451382,0.019862712534353736
5.68992474093021,15.29635038298317,0.03523167363747215
2.9943408581348905,10.476645878612151,0.03831494016429987
7.349408756034044,6.222072905811034,0.10760131270954605
5.136676854730796,16.76608977183452,0.0642754512277322
5.010421589359751,9.90658899959416,0.03989724892152062
4.943278372012527,5.434026128581637,0.019105543911729833
4.2338338846654,1.8635527090472048,0.034552620479397556
3.5267550884536423,3.8604767590107647,0.08119791110867003
5.354600414260512,2.510955140283695,0.0512352542844646
3.8140137956956535,14.988488896930598,0.0648943563777689
6.061676180322807,1.4971982479017032,0.10568723132770402
8.622466454147878,5.177361062340989,0.08070933691339839
4.756767010315237,5.575500364229975,0.011076686444046233
1.6283950429167826,6.444039521371905,0.016866085084785595
4.13222941770127,0.8320466371391744,0.092376106751003
4.982794380456008,14.495796336497012,0.01211536542523281
3.2107135975570253,12.313017868009076,0.051161040028677454
5.775450740192339,4.318241390518089,0.02510534784424462
7.089443586752861,0.2448496281864343,0.03595267539070923
3.4483903753464116,10.462216228519281,0.009106928201616349
7.402773957880983,9.800563088442644,0.022153500457023523
2.1583386132679063,4.847366571742735,0.04346862527870038
7.37456452450599,4.675072175667676,0.03202557657401081
1.2328456629725704,1.8937026029666537,0.01627323527488217
7.198549073544958,6.558303023145882,0.13836591168544427
5.388359058918453,11.195068900155915,0.005179591835698438
7.302680745200848,3.09204815871998,4.150734878026474e-05
6.885846262273923,4.047263636970378,0.0385459368904896
2.985512248690798,6.119910380002005,0.04127923037593906
7.88452626073598,0.06174393609194251,0.028423113950760526
4.220874511803869,12.519216306402036,0.07877859554714903
3.369461302471015,8.299476735054753,0.11065869468545564
4.377785648041204,16.145154686726517,0.0636292598866216
4.134136123052624,16.297540095227216,0.05796708080877157
6.494578662831081,10.329833815301816,0.05234810028763287
4.406818238612683,13.608534165043952,0.0025800950768483724
0.9953521926233755,3.840586173308971,0.03415449662739001
2.2549069177107306,8.643416186912527,0.0003056485169064538
2.312816403353465,3.2951597024393298,0.04219009308787591
3.494907711020926,11.12356727643862,0.043309983624456996
4.301910345805084,6.262385811629914,0.010400682878586823
6.065287745984936,12.3398826952571,0.08200526664138952
7.06089983255552,5.143415506658899,0.04161352670286966
3.7671514830114083,6.472243203991283,0.002747966438698679
2.8373531604553524,11.047519274061159,0.04690109865671606
6.827506112514994,2.5379480144470623,0.039127112639398054
8.208140187965249,4.507267232022889,0.018032610577081
4.840218834401725,6.755672640395158,0.02796218319595023
4.606640211052101,14.900691460534068,0.022364326199003
4.492612727588245,14.433724584464686,0.009197061449262078
2.8396152896939175,7.128573497284057,0.01189708662118509
3.288944354772628,12.305909365793475,0.027006256447516308
3.387861396185572,1.6186745711303985,0.026821760141118173
8.665585732920679,0.6360141922283402,0.06304484671830926
7.415522295297324,10.097805634649603,0.024803373309426585
3.336543727607837,0.07967045481122259,0.07967045481122259
4.932220376477334,1.078800786338141,0.045237181431247775
9.243462822658504,0.19815939157554086,0.01974750116087849
4.336386681309601,3.8619690289523145,0.021543973498988907
2.155950730201135,0.059314714256719636,0.059314714256719636
6.064515574640775,3.224797625572511,0.032749098476994504
7.170186663153727,2.574786650373746,0.027514914745347063
5.3181279781430995,0.0014364400823785317,0.0014364400823785317
4.475668140422595,2.848392009429088,0.0038680289229212905
5.509124273387132,12.402090630309335,0.017827625211961115
6.014049929957254,10.382935881748592,0.02051522474703049
7.115990988410261,9.585345218378315,0.010686812055641315
6.067064062348232,3.0517143449634876,0.006966363871220627
3.315504350001662,1.0873884488167818,0.0002111445931907291
3.465458132571637,13.077805117200418,0.0005346352650036426
1.8328308466356114,6.010392963603419,0.006431942252987183
5.338425539777721,10.298307417777401,0.02471450816272902
7.0715347661429,11.24963471991988,0.043093440450847176
6.671309705126816,7.8991624531108595,0.05712419286728959
6.00852045077223,0.31922778443363775,0.02113396227641401
6.824444186273762,8.186673686081626,0.10818229869989546
5.145301647102693,0.09009581564580982,0.052015876297729635
6.240963848244255,9.96054463150738,0.034186263250424065
8.028510287448398,3.0370397506643543,0.019983686165497144
6.629543887761523,5.90832231605668,0.032810580769684294
4.83873924277387,18.451529512799148,0.029876767627950968
3.74118647211802,9.09582854512059,0.011766100384607313
4.3166803616836225,2.582195358858166,0.0054691836400187765
1.0050404532956514,1.4963127087968697,0.05603801399359262
2.3568779003322415,1.6699582308319338,0.09403644225086738
7.297983878230651,2.8892003279091782,0.04646399219942626
6.467764649541326,9.091403118039722,0.01940911966136155
2.1399188210177735,6.202231301061483,0.017367097038634732
2.764865968665322,9.37350497162457,0.06601093205585462
7.51152321108934,3.3142015785586665,0.017274418305662065
7.1389541651402855,11.086354786809165,0.03716203194335249
5.59039807121218,5.329347644030163,0.06560159799837781
4.126557285987291,16.073315641249607,0.07662068380041465
4.524089352234907,17.403576225056227,0.055680410703383754
7.490722793301156,5.469545969267065,0.024464970931810215
2.061725383225328,8.060680031484239,0.045165348241394156
5.700314873830429,13.448616230678294,0.05991131791823762
5.970496730320898,0.6430219151464445,0.034061756203483284
1.056837207877408,1.1835353954160799,0.10647991083817376
7.4320903721646285,5.032598047693504,0.041164107724310894
0.7349662887255004,0.7526832710428044,0.0698591067932764
5.916844419182383,6.174213443862064,0.053573825947234366
6.472054641857198,10.764754111785518,0.1266128170099086
4.882215442524183,4.757162018793353,0.12782392389706831
5.217016989549419,18.112713955910426,0.00854809550206434
5.8441942608105855,1.985727660274752,0.02229922626293246
5.877575157941801,0.1638054482589113,0.019692825354905352
5.9275136921202645,1.4438478411842626,0.024116907708130908
7.1225855720442155,5.4784710509199686,0.022059084948278206
4.6946321125359205,8.982625278102123,0.025650457872783056
3.687206572077173,2.96733962991101,0.015198769444335986
6.022271259798212,9.244866078226002,0.07279656842779657
6.490632497265692,2.0384142225507795,0.06188597974097977
8.492794631454585,5.6211275156223195,0.04663696786690924
3.482436869209069,13.047914479054919,0.020865584323200043
1.8337977142338058,6.917136769914034,0.05650736168830964
3.677180252480899,11.091470526362176,0.10302108603740118
7.3136271616217865,9.737502100192351,0.0761821322907745
2.2781222152307268,7.840329051184662,0.08423762049827765
4.049159454407258,2.5865759817247236,0.10035320863718
6.969351250961438,0.9426298495371221,0.04630849542539767
4.595905964276721,6.778504940944883,0.03653820875840752
7.499793479862529,9.730744442870309,0.06550441880545196
7.136344327915173,8.69728630686334,0.10135950945470751
0.5293986165296927,0.7224644001820479,0.049551858235605414
5.147505113328207,19.011075019165272,0.09674855891234707
5.968127100745557,5.216498297543648,0.0058712326303964335
6.182186872017316,1.6270279383579078,0.07145275663843237
3.8662881206001276,9.99320431451463,0.02042140428631478
0.9935257888539439,3.4146049424941505,0.05906746269485793
6.60025173563398,13.187702594050174,0.09975258961557464
5.202463656494394,18.038539661021776,0.02436561481355956
1.1192219232854383,2.2379408044141402,0.024120965685899443
7.851623819948413,6.350004806737532,0.06564968794357164
7.63726670256184,8.812220521706509,0.0026704629353356962
4.45596772223436,6.391054451970812,0.05390824493937238
8.249063480605503,1.547355917209703,0.03543989305593587
3.7658825952737605,6.186227728639791,0.004382665374899397
6.388072596925864,8.05477284557129,0.038807439567631254
4.374144393381064,6.921044933363079,0.10509298824693389
7.339810422772727,5.546578656373984,0.026102940274268654
6.934970175267968,0.22176873550915577,0.08769508917261909
5.984092864280754,1.2858882998994936,0.0649708255980102
5.502784144179092,13.773973790619712,0.04110108655542752
3.491876467048598,8.599870709219939,0.03635615126341832
5.344928495125299,8.984685505551493,0.03922184038834259
2.7241208113967197,7.1314060854192025,0.05145067972169981
1.02298065191469,0.7855119034682256,0.05177107833737238
2.9133426034723167,4.061556214704625,0.05498395882689902
4.627028942791471,4.342485267708398,0.05834081078866013
5.844014328389018,0.9368104511056874,0.11185064893220742
7.996852152544922,4.263713463806775,0.04816318399057817
6.4109168958603,9.569075539907026,0.038050597206260695
3.910939837089693,11.737584721129801,0.05059595643352188
4.500889971461303,13.465993423375927,0.03277899943626067
3.789398430125317,8.912186041035282,0.02059505841896228
7.824212859096601,4.232985153299049,0.04132719699393597
5.737388216782239,5.448419015513757,0.032857309625975745
5.756348027645375,16.29482591338086,0.01173464358332478
5.615722819574853,1.9148267753037884,0.02914085327042082
6.281628234547153,1.7390929646088105,0.06777702928221324
6.236377250999862,2.5173588903571176,0.12237110319475838
4.894755012019834,7.593692085888963,0.014854239366340949
5.974806259365853,6.3747377839994135,0.07026957363156702
6.645761265832595,4.278070740249989,0.0001390450962273134
4.653120041069721,2.1976281256892016,0.06789270983213702
2.7935585520047,10.887176248702254,0.027825048381205086
7.061690199448966,9.814422641870252,0.1626297995730076
3.2792418113390207,0.21285599902193475,0.03435068190580748
8.069976874094284,6.729011325709957,0.013069259948449763
3.9011278128094764,8.784393422434967,0.013436259106961002
5.037702540881988,19.519766179629425,0.006536639361418101
4.681529676382371,8.505296197173884,0.023908410481888465
5.656546099986761,17.246395902955257,0.030903815877530934
8.264445972837194,5.417117691029647,0.068337248247936
5.34938657961203,10.015747592726576,0.0214679421635402
7.063292744345896,0.17254781063162694,0.04093307998909157
5.051036589944507,6.557255255929273,0.062107745393657376
7.049236376538907,6.228257833616375,0.0366864195982923
1.9290069114352038,3.877687568146133,0.012298808624047364
9.293673631307492,2.803634354688216,0.0052560186542815425
6.547285787207281,12.591003788512962,0.0114537299059565
4.994065661229826,9.983418480973821,0.011016601118296332
4.315159967235369,5.657074058394462,0.002765878070708244
8.105313300862719,6.759629956357722,0.033687168481288644
7.281251644833045,10.489825389330118,0.027497543762214083
4.829029213635735,13.026868748201931,0.10951571871333166
5.7222334739320875,3.71382791205078,0.017609767186982206
7.978237714890929,0.09738492109875319,0.05635685504787588
6.513287079114565,1.934139294864945,0.02251026093359923
8.005436962657136,2.3956232999246274,0.06998409469024905
7.787038418502274,7.519330317693833,0.025936486499465526
4.69749874396288,8.740009949895365,0.058050163017344725
0.47838945712167624,0.5128294338800021,0.08048946887793457
4.28159656889807,0.8955089650626835,0.04371901795124797
1.625268757499555,0.07147223808530612,0.03617476630903722
4.548050103005966,16.336362278211144,0.07451582410705482
6.230552481493743,2.6839490323195414,0.044320838238713245
1.3954322563525068,2.028875281803202,0.07578377811690186
0.1830822588277825,0.5839366259394141,0.014747627037468902
7.865263716508347,0.2551818649497939,0.0007249322650401818
5.676349768083174,7.207487388436602,0.07557938830517927
3.6623042274252917,4.550436709191095,0.03699833818130638
2.2129209288414287,1.4766846962148072,0.03004519625954756
7.199941477478927,9.255396687491276,0.07134529754757957
6.542487736180033,0.6219363228591379,0.045149562073170835
7.2983207767722025,4.636282880200566,0.05351808778126563
3.6000437762561974,0.008285808343975187,0.008285808343975187
1.280880015071515,2.7350801000369085,0.0489208677442709
5.909745519078178,14.72563820508851,0.004124453837984654
8.13972399833827,0.1273936219527405,0.044881563618810794
5.085752633148314,6.62340993396048,0.012602662724229621
2.8816352337747366,11.423946983604152,0.024882688150737253
2.761576864523704,6.088907639872891,0.0006830582951085074
4.702182826087588,2.7331032765516383,0.029585268976719648
9.56824967040678,1.4962366394558502,0.0558352932427118
7.1339421300192445,8.27831049831256,0.056090691334693854
5.921566580626866,9.269809372680474,0.03095120429647087
4.854150868575906,8.302440264662671,0.06590477968837694
4.610971932497386,14.653404531200213,0.0517175417720552
3.2066231829394196,2.3307092869526103,0.00973770637837007
6.667686072983708,11.404060260248137,0.022131919348943277
5.873439147654739,0.8147305509726888,0.013725312164267173
2.8459053912514487,7.733706754756977,0.016769081026746485
5.443187342083675,12.24642860336978,0.024557883402297746
4.002912159676132,9.548733895592285,0.04681904470327464
3.0681796301413335,5.075722043981004,0.014391533628443143
4.905337241643713,18.52121975314939,0.013138758549083668
4.760959463148216,3.276227506455238,0.026341776322642563
8.619621519891204,5.2752774328781005,0.006904888213077304
5.591970631560564,17.067339142490123,0.01966246355696856
2.133736623767514,2.499447416834446,0.0846667574463365
7.310073099914916,8.833382204747945,0.06843336400381239
2.2628371413626347,5.0041678104163,0.00313856532578638
4.985413359390995,14.834772859639218,0.1315594537502031
5.531637719339973,17.147954287883877,0.027885533556420858
4.766960554615187,3.545650759490264,0.05026494191508314
3.9640788807767793,2.517814650207779,0.009039774324591562
7.440292785957851,5.184662745611797,0.004011927269852535
3.67821507721247,8.554020353627598,0.033317860907227076
6.907525270778526,1.5985007186231592,0.0023371009551239608
8.54419850925262,1.6018317042267283,0.014168144075500183
2.530388188741741,4.389517918785928,0.028310585395327464
4.995428425701509,19.538369499480687,0.02817172959013209
7.466881331830856,5.866188690900335,0.02969265123117948
5.478369407905587,11.363299617972903,0.11691280167533985
4.935975187863387,13.721141850243505,0.0835339356154989
7.674016348158544,6.991624077584165,0.013601357792723867
7.550911443668974,1.1907649774412565,0.016356503288693203
2.6906359355601284,10.727178675353056,0.008577288602001321
0.9854978309537965,2.8082330654361454,0.0027621521232983892
9.67764513527294,0.8374665457155395,0.03432824386873351
7.55418781806119,6.102839934074438,0.1293606373876327
8.28465524099739,2.276356372885193,0.03751351768015132
4.67748428934776,5.711306635222975,0.0007127675676726411
1.2135823558320546,2.6764290142992686,0.0220495490674249
1.174318643226867,4.541458359614577,0.011427821612677247
3.719939280303733,12.830868138802531,0.0018679934732675207
6.382529027166312,1.962411933897763,0.005036476880664387
5.109799303104782,13.895416360166099,0.08121075264914324
6.773750951122354,3.6950030589252436,0.02680419935050707
3.7339757455799685,1.4049752244809754,0.04029781165736995
4.502831822725529,6.436113940230344,0.01110407233249
4.099916672619377,4.829005789240952,0.07936295987601111
2.719399232731914,9.516402444846383,0.07505149997694369
3.3166007229902226,3.9298801608720857,0.07557945786020526
3.6247883473906195,10.68313727986018,0.01138700770455367
1.882510292571855,5.374241486507813,0.025327238368568095
6.2699871008130454,10.995135372995946,0.03498535071030762
7.127934050026892,7.9528159173365705,0.000858306160083977
5.157325016276348,11.25646337239149,0.06227196437737054
6.276528267403987,10.47838223373281,0.07433761709216047
4.585243176121505,16.184696767358766,0.022264006037634287
5.739507100867584,8.478552258474604,0.053462963153309895
3.168176394999848,4.624269366509603,0.025906326691532894
0.5321097279984299,2.0151010835785366,0.027488461054937102
5.295197493679518,9.148344950043318,0.010087504714756862
9.37071897060465,1.646152216734349,0.1164957432227694
4.6668571744055996,11.698644258091722,0.04617069141724761
6.629684421181184,8.157770026091525,0.07917849999799598
6.371224823277732,2.149606120631351,0.04399892446123299
7.687080034165151,1.9868980542849979,0.03411988752103179
6.03946723586205,7.95582339938723,0.04589470681945801
8.08535676002177,3.0451101921530865,0.013981426682447035
4.700818761569608,6.712935781179308,0.08717925059225154
5.717816357093396,6.117690199037735,0.061464956903615364
8.878133485865225,1.8042556947646227,0.03192667108150277
1.9710986975491618,0.492873907246667,0.061830009809003106
5.897825580856608,10.71411725830647,0.03833559712541429
4.045470480942427,6.787379934308562,0.01351030725285364
7.324603125430144,0.8604011374752019,0.014423612289207355
0.3324553028748922,0.13946327567500028,0.023745477654104258
2.066267652425249,2.692939414008204,0.0009045399605305815
7.870489618614185,7.486307937793368,0.011568371008227891
6.322748899076462,5.836443816922805,0.059774191554661335
4.551040552210898,9.982482568883867,0.058475748845708
7.801362184403189,8.090835269802705,0.01879177091094364
3.19868534401751,10.24226196863982,0.0840588229492722
8.809232310957976,0.7601378966044225,0.011135576273316572
4.053615559852576,10.706626939965,0.00829579223117527
6.9495175785574705,12.155848378585517,0.011176358640508335
2.5467634189080512,6.091113213258838,0.09750913195342675
2.5073754101453827,4.61548910229568,0.014875441489441477
5.165129489641197,1.3916074726592464,0.017419912635140457
5.130401071434289,4.391840910354969,0.12076209611429312
3.125963721869216,2.1331419823287145,0.03977906862437218
3.5316281480444944,1.2369437634831693,0.021908870351386445
8.580263326406795,1.8430782944990143,0.013460799642053892
6.694485127595236,8.30094712438866,0.06487195763354522
4.519258669036029,4.930633275906613,0.008747643379260539
5.122848569127653,15.895616768342187,0.05823552046756453
4.8558521253578295,13.483318896685567,0.003787524975871606
5.665454077676296,12.358219944564762,0.014020821025459707
3.4656082646179396,13.03142103458999,0.002697854364782093
2.0363639707263492,3.8611355016833926,0.07310633642818615
6.097339479960898,15.372504412170825,0.02920350187337384
4.050445153937079,6.839888755354801,0.01178590176742822
8.781191420710353,3.867539207860977,0.021240302330458954
9.29610693906581,1.7787369354560179,0.035641244025094804
6.437984512421961,10.546770644332632,0.09401711251579511
3.222197625719041,3.702409556195798,0.004639982901186945
8.936453740466597,2.657071002178981,0.02211879718959142
8.092477164615353,4.920759416965048,0.05176747772038984
7.994755981699382,7.511450383659081,0.09384184339007967
7.490204622287382,5.383673920694207,0.039408117132224224
6.59553269541906,0.6744868212992605,0.02951852071308622
4.897741956308254,16.009055347638128,0.039279604481601726
3.4864067620177908,12.10441300141248,0.008875495207567627
2.9228425524349264,4.132710222912575,0.01680142906192679
3.4694389727823625,13.151126961531796,0.05043941373631358
1.1847315314104645,1.331895266070442,0.0775896913289511
6.084181258539232,2.5434174746500493,0.005525504243533597
3.5823414289512536,2.1578953965202152,0.07974074335698184
2.1150911700123896,4.466349030110823,0.007246898999397511
1.5206548829429822,1.9936281130221856,0.054304918998931764
4.879377873523137,4.186198766653315,0.0005581401603593772
7.509065008446375,0.9970311818379729,0.07542521097284477
7.965006546043654,7.420760815548273,0.0016025209587873096
5.621251781913102,0.01283804193127791,0.006369405399165695
7.683020119921389,4.191333160808459,0.07420388321273333
5.414308659232074,18.026221608848978,0.076773137281755
4.208766728776904,6.988059311309565,0.02147630428796718
3.716022791186796,3.437050852786181,0.03931470478740451
6.8937020340376804,12.111505161412053,0.012321468008358483
3.1941771024390175,12.715341477154457,0.0148836673550948
4.428031248577966,16.184721602264418,0.00032510805242691454
6.592916079620894,10.633360898598667,0.04801485578930237
5.625094301427636,16.45797236212381,0.03544704782488722
1.7575724363155176,1.7348166056271053,0.019194122443348727
5.705556913312692,4.797420911178801,0.026953382801014128
6.716619889677972,3.3788282263051506,0.02746001355775074
3.4839335674552316,10.791547768762301,0.09383202465466312
5.906988307614885,10.041658375548487,0.009752702547669134
7.686645464572827,2.61040937983136,0.05446387087415966
5.415295080747651,2.5662055189970356,0.030840606283382102
2.2389100465661524,1.977817148055372,0.03788370300244927
5.533736336028633,15.405931954260181,0.004942356557653349
3.9239125186763357,0.7605576537620351,0.02190552867955825
5.352056919619141,16.7983562989202,0.05411636610503154
0.5929993929909105,2.294184229458358,0.018872507660685323
7.67619274148864,5.930107644083529,0.08211429102243004
2.372714706511542,7.658191379301853,0.01779667886457642
2.8603202696642125,7.369207627546501,0.05175402192992741
8.972761665034948,4.029761137851617,0.001504273770661535
1.1046433455196836,0.015558464820348838,0.015558464820348838
6.066517848446097,1.6810561709567762,0.056212324459245594
9.100346375727268,2.2114656299049695,0.0031452319877808277
7.417470600009356,5.526387340092076,0.001413233908213185
3.808002432487123,15.157093438454961,0.01816986958278778
3.8804508016669614,13.602640371741316,0.023688604332340046
4.252809444221343,16.15122821631652,0.061494436042263234
3.7561976710564995,10.618527830562867,0.0010575631013222953
3.8543872286587133,14.693704530015877,0.0843952277386883
1.2433751235955037,4.882954720440731,0.021960575877247836
4.097684058043588,15.019513006549234,0.006791093374337753
4.850812196909545,4.451916987918542,0.027947145601597292
3.59532593811105,9.669482161582366,0.0064813595275694524
7.27524776338944,8.092709351809024,0.0387755710949223
3.9338378567239243,2.6215583523135044,0.0026753457598885366
6.015175184189033,6.306930612869293,0.008644699779832024
5.204772288754925,12.537446663990348,0.012547365842027647
7.130848726763684,11.213284926863276,0.026472739405329584
7.9909831954183295,4.028538759574509,0.05653436389893052
5.856516606179442,16.43495239161765,0.03370788824837911
1.589899659224363,0.17670260958277506,0.07484056685848299
5.390230179138966,3.391480021449884,0.005095625848093456
5.296351473803748,10.473525550486523,0.10860512051463372
7.485091934162109,2.1678681026084656,0.02264955732891094
3.0500726940669165,8.623884206338655,0.0689720953770398
4.816935057951568,18.99564512043672,0.031366035357003164
4.788043657166126,7.709276399082762,0.015195574802697065
2.7512567916850084,8.71922297059596,0.07339224963866003
5.4488818695134,12.391450723077783,0.022573158834177168
1.879392558614661,7.503751443608255,0.003351549076145309
4.361664524889441,9.035382290871167,0.03772375423322587
6.796031017967323,12.81022228907128,0.0013712088830090993
5.6944188116854155,3.4221665324323403,0.10385258564842254
3.7998567173265374,9.58658331278367,0.056332552160997
5.520813065507491,5.303983720718135,0.008461899250266539
5.345572078536279,4.58906899977759,0.033991805327592994
4.231171781030572,12.10315857526539,0.04659005200045843
4.702003982340842,5.484269990442954,0.06544539210853714
5.728435210756273,11.546115157837054,0.08618243158139471
7.052825709846636,10.073546021535758,0.06099326464838836
7.06742057678184,7.879625943467747,0.017878001216337813
9.11737372450551,0.026525387663003386,0.004961441790682128
6.13489952101612,10.807340507560339,0.013428029094450733
3.724999240817213,0.07954676061713295,0.04971574563222808
8.236017470849525,5.612024896839047,0.018928747480976532
2.791480971847178,4.1612048535084405,0.025435360175294908
5.148213248951086,16.66336588436622,0.030817092393418954
5.540935860611276,15.495313531798686,0.005042797595648879
7.983246917181766,3.01993683948959,0.025693884826684527
1.4008845828493266,3.126901479469155,0.009514313759675902
5.241688956619228,3.498982854145669,0.014533130161146768
2.198210437355832,3.6889640375759036,0.007573032754786352
1.0960378943131044,0.7896425993422285,0.02140284676757316
7.462543548350828,5.588449060464303,0.04736600539068174
9.333159281210458,1.7956533893844329,0.005090101053557235
3.2638158316150556,5.755096305170106,0.02363238450456806
1.2595348854494381,4.998785165327875,0.006122348760870505
5.686843412985993,15.08951859298108,0.001916520289394874
1.9012595457118964,4.855569291945749,0.031716750602814814
4.537318803304778,5.610387598003703,0.01274917972186329
9.110625641200329,0.6609443464907971,0.02707471085169713
0.4576041274988707,0.08589817938923883,0.08589817938923883
3.259433622625507,3.7060323357771785,0.03277183338075297
9.112815535033397,3.1551124355196647,0.010526968667867342
6.124012761897848,3.3024367158544154,0.06506574513738228
1.9339641672454466,0.6133876583861242,0.002463426018583681
5.0690314314138,14.542184784485187,0.0858066293698505
4.9388672277284105,15.959791196777125,0.024893945439196596
7.873892279314315,2.110332050476047,0.03619895254177444
5.305393154911469,10.031782345627569,0.020999744613219254
6.05929712908868,2.997997269555741,0.014615864440263776
5.833238176672935,13.19475237636407,0.09486889773083301
4.83296264995488,14.103525177978229,0.07687001231202939
3.20176032584369,10.040985556637889,0.05245633241282183
1.7326250611869332,2.509615551788804,0.04214697766994366
3.6104747129707446,2.074982063503703,0.007815538323023244
8.247066130520977,4.411875172211694,0.02512152089442106
5.681933537042169,5.417110070677856,0.030825274585182777
6.63543473626849,12.857761507940747,0.012645645054156218
8.467793553026953,5.491003900848234,0.05894030024366902
1.8764554775945796,0.790338135976576,0.0004656735917084598
3.4258718353330964,8.708473080249936,0.020992005113016132
4.564443248039593,5.859088197139126,0.1156191258192315
3.559787759068959,11.014678094290023,0.02659281789951859
4.624076874449484,14.538512444485896,0.06391952448759163
5.050454030715075,3.5786526629844406,0.0011906588310396926
4.301304156175747,16.533211603070217,0.016671401574207323
5.321059968912907,17.004601145316062,0.015573844779510779
1.3984104124686836,0.38832034034852025,0.01096816310569021
2.0189273071901748,0.40092551879479466,0.041814006125776335
7.598683228023022,5.770955629673287,0.08381260725119863
5.511270516963016,6.7684125407359925,0.020470190884173067
8.848755338074616,3.658827120231203,0.055565680769044556
1.1650799203718643,2.1457220311137615,0.013686700182013511
4.670552123195443,14.684022345034125,0.015269394622923316
8.238213235527098,4.7609560863481875,0.06084663217800812
4.860936447371217,16.485851747121927,0.008102422753950123
2.764058957552752,5.345502276806739,0.037974617307752145
3.180011779799652,12.26835786584532,0.0030341387870958386
4.728843034395032,4.575042230339205,0.010555991706683643
6.372727366905683,3.7891024221850467,0.012885120056820243
8.44119208235842,2.1595889924515532,0.04214813235620851
4.8501744242970695,15.530139200428941,0.0649917326690641
7.965998888398494,2.142872563616336,0.04755427847756044
3.1169906491314348,12.263549921111307,0.01630357279236537
6.290549620276428,14.756399263797244,0.019742946819329157
5.196849628217719,11.099426359082774,0.03600701771262993
6.261692451742736,2.3517664285385975,0.011990523837857717
9.056579029521144,1.9006431922993428,0.028278720014478134
7.268660701438955,2.393520327020604,0.039640021859309815
2.776495257418321,3.2177359457945065,0.03427068688820806
7.72424745484599,1.3023338895392267,0.012503487449163901
8.42911487059218,2.3467131512052863,0.009024724060140335
2.4893821678337744,7.964410655642206,0.012605867827577374
8.547520550400353,0.6351205098916246,0.05502371807214103
3.698952438710894,1.4255486321971311,0.0003211140928333356
5.536206655666135,11.189400607625835,0.00039264002972028145
3.5834228927763254,4.2806532029416395,0.04810096239456696
3.2822661143842193,12.226020839363528,0.035537654424434406
2.1615516339808796,0.13885866988800677,0.020426184914421733
4.06237117710851,9.928799934650339,0.03088429284906108
4.481900861080411,12.53716399881862,0.014462220685021954
4.74522553038822,3.7991174262492233,0.018691080698009455
7.47715694385451,10.020760417954762,0.011696820081571524
3.802399679980123,9.361211309352168,0.13104544578442495
6.7525613203219335,12.824652312934802,0.04004321518023868
4.625629756836362,5.40908526903203,0.00026647848989211353
4.532510971312316,7.075686151155212,0.0034364772488634787
5.248622232426438,16.67406432143768,0.07016023436029163
0.898247234199987,3.5214172348046446,0.01735868747834504
8.05507314520623,6.560554645330465,0.03954431930671365
9.445043112550637,0.04307982231773533,0.04307982231773533
5.776780803295708,11.306562290123544,0.03917312100242468
7.926360916475859,2.0798609235748255,0.024475980175287723
4.964209032927097,6.359178938399943,0.007802836782069403
5.665912066404443,8.528699114072314,0.005046945023837179
5.454220086841497,2.821702315760366,0.0040196063527660475
3.285495281023132,9.314852435069408,0.020412746786313163
3.410037813797542,9.946561128999821,0.014071172607849847
3.0573888240669933,4.769019600041611,0.008307888078262604
4.578217912224055,6.302736459208463,0.043696959146181186
5.024133044309558,15.999078822717482,0.06898777285184918
5.423360305973156,0.9335038614942714,0.0008635270784936866
2.7589465432250213,9.845214666218736,0.0021224960231639445
6.6603968300013765,10.423128319036808,0.11014741022402036
3.334540847105848,1.4981950488204854,0.10113304163335421
5.465551286524707,4.662598621181879,0.003074694034001721
4.351234608275516,13.964873656502059,0.006811995521906478
6.651230990687912,4.276872971894868,0.0004873354631257081
3.6876972936969867,7.822370476464286,0.02822979343301174
0.7142525133241284,0.6301346860513313,0.05442772346154505
2.072783181066261,0.25824377520717867,0.07033743833883144
7.025064393092835,4.152639335304769,0.08043133878795261
6.11484195565933,7.965135746367253,0.010925247429386775
4.507823373771411,17.51586847003425,0.05778381422050578
3.833783127012972,11.762669871835838,0.029462333550778153
4.739278631014807,2.7676736936863877,0.02112185561212742
1.8247225458322214,7.2621013481451495,0.004277851967192076
5.6006934893735325,9.241861992715641,0.012422515709495457
2.169200828005456,7.36982144111721,0.01947456920856655
7.701483239541487,3.4521684052140933,0.028771192059146966
1.8665741252234824,4.8880202762596525,0.01578214177794785
4.760563548035846,5.776027412411507,0.022276704152655313
4.9111222096429135,13.638082869888263,0.0007537740394222975
3.81710723465547,11.394096429281689,0.045749285401757156
3.603797184662972,1.3419507581530898,0.03857529819954958
6.925851045969985,5.375165700641409,0.02311166101959844
5.79489852741383,6.224034898816882,0.055573239179421
6.5948076445435255,0.15907397224946607,0.0007210437112355056
5.276640513402244,10.163771603096194,0.08644687072382315
3.4937616631481183,7.395211233208318,0.09082282386594615
9.296496533372935,0.33789680051800275,0.0226016200461095
8.311995279612127,0.08402408512293569,0.08402408512293569
2.7107046998925153,3.7305709970734724,0.013347600583320587
6.004168894592516,1.1506858763355465,0.04912823835436181
8.778045134930814,1.7865538150559512,0.010683837320144052
5.018427409614955,6.230700666753677,0.0025437837959185194
7.630482862569811,1.5267771592201385,0.04959832533070754
6.360972183047094,2.715447315154502,0.007532579506998038
0.6204936015359341,2.2360889498877112,0.04540029383348379
4.153407293754033,6.445346509873524,0.04153700760341539
1.5486170008710864,1.3667683767639183,0.002866880891351564
2.69678614082147,3.37800221590687,0.0022341150473071114
8.140032997570747,4.330060578675781,0.0007498354413908309
4.960736749358663,12.670467910240077,0.01926779457465516
7.987591818743274,7.806212625916292,0.014053351446243673
1.367571365674144,3.050757610996284,0.02080512246009672
3.673544658180389,2.702377922120318,0.009936676145632789
1.2010843406099614,1.4630855622124783,0.021920561944449635
6.514116393198664,5.805941561916965,0.0839221714728548
3.3930837946338133,7.724109609420074,0.14620548941077022
6.0560800980661,8.400026845303593,0.037544961207012395
6.926010470336491,0.8583822661029261,0.04843367353690532
2.848159628903497,6.221426678084725,0.005704525519581949
7.0616747302932845,5.330156882526362,0.11997525987559982
6.192899329509901,5.75979960845965,0.02050500653121598
6.967146945799115,1.281482383217798,0.013127605146446897
6.108675209447524,14.116150894569955,0.03703132465581255
4.8056126452568835,10.889070515620297,0.0567813448037541
5.076259391304592,15.78843308415019,0.05863574908658396
5.19975789991573,4.1788257374803495,0.0009944496807579029
0.5769430919721463,2.1238948560308657,0.044596847268537756
3.571144606735438,3.3352543546088964,0.04734924936950066
4.020757789155589,2.4456180460022425,0.030476414834503224
5.998570374619375,8.013532298033365,0.024836264066374944
4.387286597341802,2.3064474508490473,0.017125366016982585
2.416252552663829,9.190230013654428,0.08672687613500538
7.055297416481006,0.686599857543424,0.06649419917617727
6.338076218512146,3.081167061628809,0.014477029134925712
7.025666165517107,4.2847221772842055,0.02618638169278309
1.1801508447453934,2.9972119105660178,0.007746166133515975
3.0929939975798435,12.28117983365279,0.013473148012800282
3.07970882150972,2.119545925637103,0.00843263705825667
3.7867949551288325,11.212733634862575,0.04368440331528539
5.47648981470362,14.016869413199561,0.007029868989690255
1.245313525206272,0.048117478008709025,0.04559227929056342
5.755270694896186,8.326649772182794,0.09719453664960026
9.348719346340022,0.6042392276095798,0.00967834774893217
3.2682607954664853,2.0387794235368517,0.07008136819248523
4.725488640154333,8.539984307659584,0.03208851358517755
4.788401260265243,11.073438869561832,0.10282980710799358
0.4164371153506674,0.6072066370301399,0.032404946950990554
2.1343336155865567,2.3802552079410533,0.005296854194493494
7.042519469092747,11.617128540097356,0.04584859193276572
7.15974977931094,6.285971082833692,0.08798928504168008
5.691535938286809,13.26169524880757,0.02354070298009786
5.748680288894231,9.93442869203684,0.012070021844877876
3.3128716409418333,2.3599918992021585,0.0063820995534955155
4.466610868771852,17.67213638004812,0.04712639274434803
4.380121875500556,11.985048754959509,0.03261416490484767
4.633942491314725,1.874355524539515,0.0017692104127746688
2.882440499374672,7.0309723405337365,0.009739576149273566
1.3333079192718589,1.1180033305865145,0.01425476101866402
7.578549504530017,1.0943172201508777,0.007926850318195122
4.490170590829442,2.171155620815428,0.05116580838403739
4.870489156062179,5.053051307409195,0.014303134213783958
7.8177448102865075,5.847628651679317,0.020167918192737534
5.137416834164231,10.988934879104228,0.044020148811330484
7.044008068164027,8.648127019429612,0.003247471219733525
4.174888118577299,16.60605606646922,0.022676209714121136
7.997258788087499,4.0919637304496685,0.007200320487705747
4.966875317813414,10.294955214215893,0.0047440395432439
9.548359482468618,0.6181038245668002,0.06324681762912976
6.228318999812684,8.13961508816224,0.02594187240286505
1.5654847667351168,2.3415370674192593,0.07159818670336993
4.4943914009108,2.375925132311183,0.0665610995203601
6.037500393869294,0.217072261592699,0.024810729865089018
3.604679378788287,3.388456188081852,0.015539668744270554
4.119953712911434,5.493123440994938,0.014721831144952402
6.641430590182324,7.150962083715326,0.0474203431316822
4.504601578833308,5.965583984735043,0.006538060416655597
7.820129608572762,0.3547099589820646,0.011017494889049073
4.573163600848139,5.24604002821942,0.030665058920297583
2.5827949847672182,7.721810414300259,0.09031831282614294
3.6603056541441594,1.8942431361522938,0.027370520957931882
2.7332000722180494,8.078316035768893,0.0020916656331534805
6.190580468194549,12.398579464310727,0.03403518342794021
4.640173881588167,1.8261584864150393,0.0009913907153926704
8.43471051402021,2.2091553633358063,0.007840224795814497
5.766530761842907,16.304741234524457,0.0024780855394821444
5.647812134314135,2.7202887212846805,0.012475009084849054
5.820754358683603,3.470488023427787,0.026471902665826136
3.9283258646966823,7.775003906259066,0.01326664917447265
3.525359451607246,3.4822479434412545,0.00992829638855855
4.4780628604667605,1.1604595967028741,0.02467060526437706
6.554612710083133,1.6843156562534167,0.07036525378711539
2.3458442690816685,1.5159612419146717,0.04764452829570481
4.963500183605714,4.650676582955016,0.006140090593287323
1.8842365489528157,0.30497190295132315,0.0026774196502675207
4.033988564823639,16.04195630795697,0.02111557314874732
4.384653320407389,13.866921396022523,0.07568867023791703
